JINA_ID,Simbad_Identifier,RA_hms,DEC_dms,[Fe/H],[C/Fe],ul[C/Fe],ecc,Z_max,Reference,Name,Reference_2,Ref_2,Ref,Ncap_key,C_key,MP_key,Loc,System,RA_deg,DEC_deg,Priority,NLTE,alpha_key,Type,Vel,Vel_bibcode,U_mag,B_mag,V_mag,R_mag,I_mag,J_mag,H_mag,K_mag,Teff,logg,Fe/H,Vmic,Added_by,epsli,epsbe,epsc,epsn,epso,epsf,epsna,epsmg,epsal,epssi,epsp,epss,epsk,epsca,epssc,epsti,epsv,epscr,epsmn,epsfe,epsco,epsni,epscu,epszn,epsga,epsge,epsas,epsse,epsrb,epssr,epsy,epszr,epsnb,epsmo,epsru,epsrh,epspd,epsag,epscd,epssn,epste,epsba,epsla,epsce,epspr,epsnd,epssm,epseu,epsgd,epstb,epsdy,epsho,epser,epstm,epsyb,epslu,epshf,epsw,epsos,epsir,epspt,epsau,epshg,epspb,epsbi,epsth,epsu,ulli,ulbe,ulc,uln,ulo,ulf,ulna,ulmg,ulal,ulsi,ulp,uls,ulk,ulca,ulsc,ulti,ulv,ulcr,ulmn,ulfe,ulco,ulni,ulcu,ulzn,ulga,ulge,ulas,ulse,ulrb,ulsr,uly,ulzr,ulnb,ulmo,ulru,ulrh,ulpd,ulag,ulcd,ulsn,ulte,ulba,ulla,ulce,ulpr,ulnd,ulsm,uleu,ulgd,ultb,uldy,ulho,uler,ultm,ulyb,ullu,ulhf,ulw,ulos,ulir,ulpt,ulau,ulhg,ulpb,ulbi,ulth,ulu,[Li/H],[Be/H],[C/H],[N/H],[O/H],[F/H],[Na/H],[Mg/H],[Al/H],[Si/H],[P/H],[S/H],[K/H],[Ca/H],[Sc/H],[Ti/H],[V/H],[Cr/H],[Mn/H],[Co/H],[Ni/H],[Cu/H],[Zn/H],[Ga/H],[Ge/H],[As/H],[Se/H],[Rb/H],[Sr/H],[Y/H],[Zr/H],[Nb/H],[Mo/H],[Ru/H],[Rh/H],[Pd/H],[Ag/H],[Cd/H],[Sn/H],[Te/H],[Ba/H],[La/H],[Ce/H],[Pr/H],[Nd/H],[Sm/H],[Eu/H],[Gd/H],[Tb/H],[Dy/H],[Ho/H],[Er/H],[Tm/H],[Yb/H],[Lu/H],[Hf/H],[W/H],[Os/H],[Ir/H],[Pt/H],[Au/H],[Hg/H],[Pb/H],[Bi/H],[Th/H],[U/H],ul[Li/H],ul[Be/H],ul[C/H],ul[N/H],ul[O/H],ul[F/H],ul[Na/H],ul[Mg/H],ul[Al/H],ul[Si/H],ul[P/H],ul[S/H],ul[K/H],ul[Ca/H],ul[Sc/H],ul[Ti/H],ul[V/H],ul[Cr/H],ul[Mn/H],ul[Fe/H],ul[Co/H],ul[Ni/H],ul[Cu/H],ul[Zn/H],ul[Ga/H],ul[Ge/H],ul[As/H],ul[Se/H],ul[Rb/H],ul[Sr/H],ul[Y/H],ul[Zr/H],ul[Nb/H],ul[Mo/H],ul[Ru/H],ul[Rh/H],ul[Pd/H],ul[Ag/H],ul[Cd/H],ul[Sn/H],ul[Te/H],ul[Ba/H],ul[La/H],ul[Ce/H],ul[Pr/H],ul[Nd/H],ul[Sm/H],ul[Eu/H],ul[Gd/H],ul[Tb/H],ul[Dy/H],ul[Ho/H],ul[Er/H],ul[Tm/H],ul[Yb/H],ul[Lu/H],ul[Hf/H],ul[W/H],ul[Os/H],ul[Ir/H],ul[Pt/H],ul[Au/H],ul[Hg/H],ul[Pb/H],ul[Bi/H],ul[Th/H],ul[U/H],[Li/Fe],[Be/Fe],[N/Fe],[O/Fe],[F/Fe],[Na/Fe],[Mg/Fe],[Al/Fe],[Si/Fe],[P/Fe],[S/Fe],[K/Fe],[Ca/Fe],[Sc/Fe],[Ti/Fe],[V/Fe],[Cr/Fe],[Mn/Fe],[Co/Fe],[Ni/Fe],[Cu/Fe],[Zn/Fe],[Ga/Fe],[Ge/Fe],[As/Fe],[Se/Fe],[Rb/Fe],[Sr/Fe],[Y/Fe],[Zr/Fe],[Nb/Fe],[Mo/Fe],[Ru/Fe],[Rh/Fe],[Pd/Fe],[Ag/Fe],[Cd/Fe],[Sn/Fe],[Te/Fe],[Ba/Fe],[La/Fe],[Ce/Fe],[Pr/Fe],[Nd/Fe],[Sm/Fe],[Eu/Fe],[Gd/Fe],[Tb/Fe],[Dy/Fe],[Ho/Fe],[Er/Fe],[Tm/Fe],[Yb/Fe],[Lu/Fe],[Hf/Fe],[W/Fe],[Os/Fe],[Ir/Fe],[Pt/Fe],[Au/Fe],[Hg/Fe],[Pb/Fe],[Bi/Fe],[Th/Fe],[U/Fe],ul[Li/Fe],ul[Be/Fe],ul[N/Fe],ul[O/Fe],ul[F/Fe],ul[Na/Fe],ul[Mg/Fe],ul[Al/Fe],ul[Si/Fe],ul[P/Fe],ul[S/Fe],ul[K/Fe],ul[Ca/Fe],ul[Sc/Fe],ul[Ti/Fe],ul[V/Fe],ul[Cr/Fe],ul[Mn/Fe],ul[Co/Fe],ul[Ni/Fe],ul[Cu/Fe],ul[Zn/Fe],ul[Ga/Fe],ul[Ge/Fe],ul[As/Fe],ul[Se/Fe],ul[Rb/Fe],ul[Sr/Fe],ul[Y/Fe],ul[Zr/Fe],ul[Nb/Fe],ul[Mo/Fe],ul[Ru/Fe],ul[Rh/Fe],ul[Pd/Fe],ul[Ag/Fe],ul[Cd/Fe],ul[Sn/Fe],ul[Te/Fe],ul[Ba/Fe],ul[La/Fe],ul[Ce/Fe],ul[Pr/Fe],ul[Nd/Fe],ul[Sm/Fe],ul[Eu/Fe],ul[Gd/Fe],ul[Tb/Fe],ul[Dy/Fe],ul[Ho/Fe],ul[Er/Fe],ul[Tm/Fe],ul[Yb/Fe],ul[Lu/Fe],ul[Hf/Fe],ul[W/Fe],ul[Os/Fe],ul[Ir/Fe],ul[Pt/Fe],ul[Au/Fe],ul[Hg/Fe],ul[Pb/Fe],ul[Bi/Fe],ul[Th/Fe],ul[U/Fe]
0,SDSS J105519.28+232234.0,10:55:19.28,+23:22:34.02,-4.0,,0.7,0.45,2.2,Mardini+2022,SDSS J105519.28+232234.0,Aguado+2017,AGU17,MAR22,,,UMP,DW,Atari Disk,163.830333,23.376117,,,,,,,,,,,,,,,,4.9,,,,,,,,,,,,,,,,,,,,,,,,,,,,,,,,,,,,,,,,,,,,,,,,,,,,,,,,,,,,,,,,,,,,,,,,,,,,,,,,,,,,,,,,,,,,,,,,,,,,,,,,,,,,,,,,,,,,,,,,,,,,,,,,,,,,,,,,,,,,,,,,,,,,,,,,,,,,,,,,,,,,,,,,,,,,,,,,,,,,,,,,,,,,,,,,,,,,,,,,,,,,,,,,,,,,,,,,,,,,,,,,,,,,,,,,,,,,,,,,,,,,,,,,,,,,,,,,,,,,,,,,,,,,,,,,,,,,,,,,,,,,,,,,,,,,,,,,,,,,,,,,,,,,,,,,,,,,,,,,,,,,,,,,,,,,,,,,,,,,,,,,,,,,,,,,,,,,,,,,,,,,,,,,,,,,,,,,,,,,,,,,,,,,,,,,,,,,,,,,
0,SDSS J124719.46-034152.4,12:47:19.47,-03:41:52.50,-4.11,,1.68,0.24,1.71,Mardini+2022,SDSS J124719.46-034152.4,Caffau+2013,CAF13,MAR22,,,UMP,DW,Atari Disk,191.831125,-3.697917,,,,,,,,,,,,,,,,4.0,,,,,,,,,,,,,,,,,,,,,,,,,,,,,,,,,,,,,,,,,,,,,,,,,,,,,,,,,,,,,,,,,,,,,,,,,,,,,,,,,,,,,,,,,,,,,,,,,,,,,,,,,,,,,,,,,,,,,,,,,,,,,,,,,,,,,,,,,,,,,,,,,,,,,,,,,,,,,,,,,,,,,,,,,,,,,,,,,,,,,,,,,,,,,,,,,,,,,,,,,,,,,,,,,,,,,,,,,,,,,,,,,,,,,,,,,,,,,,,,,,,,,,,,,,,,,,,,,,,,,,,,,,,,,,,,,,,,,,,,,,,,,,,,,,,,,,,,,,,,,,,,,,,,,,,,,,,,,,,,,,,,,,,,,,,,,,,,,,,,,,,,,,,,,,,,,,,,,,,,,,,,,,,,,,,,,,,,,,,,,,,,,,,,,,,,,,,,,,,,
71,2MASS J00255030-4808270,00:25:50.30,-48:08:27.07,-2.06,0.27,,0.53,1.61,Mardini+2022,2MASS J00255030-4808270,Barklem+2005,BAR05,MAR22,,,VMP,DW,Atari Disk,6.459583,-48.140853,1.0,,,SG,-21.5,2005A&A...439..129B,,14.298,13.83,13.485,13.161,12.696,12.393,12.352,5816.0,3.63,-2.06,1.45,Abohalima,,,6.64,,,,,5.74,3.4,,,,,4.56,1.14,3.27,,3.61,2.88,5.44,2.98,4.19,,,,,,,,0.89,0.13,,,,,,,,,,,0.01,,,,,,,,,,,,,,,,,,,,,,,,,,,,,,,,,,,,,,,,,,,,,,,,,,,,,,,,,,,,,,,,,,,,,,,,,,,,,,,,,,,,,,,,,,,,,,,-1.79,,,,,-1.86,-3.05,,,,,-1.78,-2.01,-1.68,,-2.03,-2.55,-2.01,-2.03,,,,,,,,-1.98,-2.08,,,,,,,,,,,-2.17,,,,,,,,,,,,,,,,,,,,,,,,,,,,,,,,,,,,,,,,,,,,,,,,,,,,,,,,,,,,,,,,,,,,,,,,,,,,,,,,,,,,,,,,,,,,,,,,,,,0.2,-0.99,,,,,0.28,0.05,0.38,,0.03,-0.49,0.05,0.03,,,,,,,,0.08,-0.02,,,,,,,,,,,-0.11,,,,,,,,,,,,,,,,,,,,,,,,,,,,,,,,,,,,,,,,,,,,,,,,,,,,,,,,,,,,,,,,,,,,,,,,,,,,,,,,,,,,,,,,,,
239,BPS CS31079-0028,03:01:00.70,+06:16:31.87,-2.84,0.46,,0.62,1.34,Mardini+2022,BPS CS31079-0028,Lai+2008,LAI08,MAR22,,,VMP,DW,Atari Disk,45.252917,6.275519,1.0,,,RG,,,,13.9,13.211,12.713,12.19,11.496,11.071,10.999,5257.0,-2.85,2.75,1.5,Abohalima,,,6.05,4.7,6.8,,,5.16,2.9,,,,,3.93,0.43,2.56,1.29,2.65,2.56,4.66,2.42,3.5,0.35,2.17,,,,,,0.37,-0.36,0.39,,,,,,,,,,0.01,-0.93,,,,,-1.1,,,,,,,,,,,,,,,,,,,,,,,,,,,,,,,,,,,,,,,,,,,,,,,,,,,,,,,,,,,,,,,,,,,,,,,,,,,,,,,,,,,,,,,,,-2.38,-3.13,-1.89,,,-2.44,-3.55,,,,,-2.41,-2.72,-2.39,-2.64,-2.99,-2.87,-2.57,-2.72,-3.84,-2.39,,,,,,-2.5,-2.57,-2.19,,,,,,,,,,-2.17,-2.03,,,,,-1.62,,,,,,,,,,,,,,,,,,,,,,,,,,,,,,,,,,,,,,,,,,,,,,,,,,,,,,,,,,,,,,,,,,,,,,,,,,,,,,,,,,,,,,,,,-0.29,0.95,,,0.4,-0.71,,,,,0.43,0.12,0.45,0.2,-0.15,-0.03,0.27,0.12,-1.0,0.45,,,,,,0.34,0.27,0.65,,,,,,,,,,0.67,0.81,,,,,1.22,,,,,,,,,,,,,,,,,,,,,,,,,,,,,,,,,,,,,,,,,,,,,,,,,,,,,,,,,,,,,,,,,,,,,,,,,,,,,,,,,,,,
324,2MASS J04194553-3651359,04:19:45.54,-36:51:35.92,-3.04,0.21,,0.52,3.58,Mardini+2022,2MASS J04194553-3651359,Roederer+2014,ROE14,MAR22,,,EMP,DW,Atari Disk,64.93975,-36.859978,1.0,,alpha,RG,51.0,1992AJ....103.1987B,,13.57,12.84,12.3,11.925,11.35,10.905,10.816,4820.0,1.55,-2.89,1.6,Abohalima,,,5.6,5.09,6.88,,,4.9,2.52,,,,,3.62,0.04,1.99,0.79,2.4,2.13,4.46,1.87,3.23,0.84,1.91,,,,,,-0.29,-1.43,-0.46,,,,,,,,,,-1.89,,,,,,-3.07,,,,,,,-2.82,,,,,,,,,,,,,0.38,,,,,,,,,5.27,,,,,,,,,,,,,,,,,,,1.97,,,,,-0.33,,,,,,1.17,,,-2.19,-1.6,-2.1,-1.65,-1.59,,-1.16,-1.77,-1.55,,-1.8,-1.94,,,-0.98,,,-0.3,,,,0.59,,-1.89,,,,-2.83,-2.74,-1.81,,,-2.7,-3.93,,,,,-2.72,-3.11,-2.96,-3.14,-3.24,-3.3,-3.12,-2.99,-3.35,-2.65,,,,,,-3.16,-3.64,-3.04,,,,,,,,,,-4.07,,,,,,-3.59,,,,,,,-3.66,,,,,,,,,,,,,-0.67,,,,,,,,,-2.24,,,,,,,,,,,,,,,,,,,-0.55,,,,,-2.21,,,,,,-0.87,,,-3.29,-3.18,-2.82,-3.07,-2.55,,-2.23,-2.07,-2.65,,-2.72,-2.04,,,-1.83,,,-1.68,,,,-1.16,,-1.91,,,,0.3,1.23,,,0.34,-0.89,,,,,0.32,-0.07,0.08,-0.1,-0.2,-0.26,-0.08,0.05,-0.31,0.39,,,,,,-0.12,-0.6,0.0,,,,,,,,,,-1.03,,,,,,-0.55,,,,,,,-0.62,,,,,,,,,,,,,2.37,,,,,,,,0.8,,,,,,,,,,,,,,,,,,2.49,,,,,0.83,,,,,,2.17,,,-0.25,-0.14,0.22,-0.03,0.49,,0.81,0.97,0.39,,0.32,1.0,,,1.21,,,1.36,,,,1.88,,1.13,
432,2MASS J11410885-4535283,11:41:08.90,-45:35:28.00,-2.32,,,0.63,1.33,Mardini+2022,2MASS J11410885-4535283,Ruchti+2011,RUC11,MAR22,,,VMP,DW,Atari Disk,175.287083,-45.591111,1.0,,,RG,84.11,2013AJ....146..134K,,13.0,11.97,11.17,10.774,9.909,9.389,9.236,4592.0,1.01,-2.32,1.9,Abohalima,,,,,,,,5.61,,5.6,,,,4.32,,2.72,,,,5.18,,,,,,,,,,,,,,,,,,,,,,,,,,,,,,,,,,,,,,,,,,,,,,,,,,,,,,,,,,,,,,,,,,,,,,,,,,,,,,,,,,,,,,,,,,,,,,,,,,,,,,,,,,,,,,,,,,,,,,,,,,-1.99,,-1.91,,,,-2.02,,-2.23,,,,,,,,,,,,,,,,,,,,,,,,,,,,,,,,,,,,,,,,,,,,,,,,,,,,,,,,,,,,,,,,,,,,,,,,,,,,,,,,,,,,,,,,,,,,,,,,,,,,,,,,,,,,,,,,,,,,,,,,,,,,0.33,,0.41,,,,0.3,,0.09,,,,,,,,,,,,,,,,,,,,,,,,,,,,,,,,,,,,,,,,,,,,,,,,,,,,,,,,,,,,,,,,,,,,,,,,,,,,,,,,,,,,,,,,,,,,,,,,,,,,,,,,,,,,,,,,,,,
457,2MASS J12222802+3411318,13:03:29.48,+33:51:09.14,-3.07,-0.16,,0.61,3.93,Mardini+2022,2MASS J12222802+3411318,Lai+2008,LAI08,MAR22,,,EMP,DW,Atari Disk,195.872833,33.852539,1.0,,,RG,-49.0,2013MNRAS.434.1681C,14.109,14.228,13.61,13.208,12.766,12.172,11.751,11.669,4691.0,-3.05,1.16,2.1,Abohalima,,,5.2,5.9,,,3.29,4.8,2.5,5.64,,,,3.5,-0.06,2.16,0.56,,1.82,4.43,1.89,3.03,,,,,,,,-0.44,-1.24,-0.57,,,,,,,,,,-1.76,,,,,,-2.96,,,,,,,,,,,,,,,,,,,,,,,,,,,,,,,,,,,,,,,,,,,,,,,,,,,,,,,,,,,,,,,,,,,,,,,,,,,,,,,,,,,,,,,,,-3.23,-1.93,,,-2.95,-2.8,-3.95,-1.87,,,,-2.84,-3.21,-2.79,-3.37,,-3.61,-3.1,-3.19,,,,,,,,-3.31,-3.45,-3.15,,,,,,,,,,-3.94,,,,,,-3.48,,,,,,,,,,,,,,,,,,,,,,,,,,,,,,,,,,,,,,,,,,,,,,,,,,,,,,,,,,,,,,,,,,,,,,,,,,,,,,,,,,,,,,,,,1.14,,,0.12,0.27,-0.88,1.2,,,,0.23,-0.14,0.28,-0.3,,-0.54,-0.03,-0.12,,,,,,,,-0.24,-0.38,-0.08,,,,,,,,,,-0.87,,,,,,-0.41,,,,,,,,,,,,,,,,,,,,,,,,,,,,,,,,,,,,,,,,,,,,,,,,,,,,,,,,,,,,,,,,,,,,,,,,,,,,,,,,,,,,
568,HE 1413-1954,14:16:04.71,-20:08:54.08,-3.19,1.41,,0.54,1.92,Mardini+2022,HE 1413-1954,Barklem+2005,BAR05,MAR22,,NO,EMP,DW,Atari Disk,214.019625,-20.148356,1.0,,,MS,-100.4,2005A&A...439..129B,,15.7,15.235,15.2,14.593,14.188,13.973,13.889,6533.0,4.59,-3.22,1.4,Abohalima,,,6.65,,,,,,,,,,,3.5,,,,,,4.31,,,,,,,,,,-0.69,,,,,,,,,,,,,,,,,,,,,,,,,,,,,,,,,,,,,,,,,,,,,,,,,,,,,,,,,,,,,,,,,,,,,,,,,,,,,,,,,,,,,,,,,,,,,,,,,,,,,,,,,,,-1.78,,,,,,,,,,,-2.84,,,,,,,,,,,,,,,-3.56,,,,,,,,,,,,,,,,,,,,,,,,,,,,,,,,,,,,,,,,,,,,,,,,,,,,,,,,,,,,,,,,,,,,,,,,,,,,,,,,,,,,,,,,,,,,,,,,,,,,,,,,,,,,,,,,,,,,,0.35,,,,,,,,,,,,,,,-0.37,,,,,,,,,,,,,,,,,,,,,,,,,,,,,,,,,,,,,,,,,,,,,,,,,,,,,,,,,,,,,,,,,,,,,,,,,,,,,,,,,,,,,,,,,,,,,,,,,,,,,,
615,2MASS J15141890+0727028,15:14:18.90,+07:27:02.80,-2.41,0.46,,0.55,3.66,Mardini+2022,2MASS J15141890+0727028,Honda+2004,HON04,MAR22,,,VMP,DW,Atari Disk,228.57875,7.450778,1.0,,alpha,RG,,,,13.62,12.73,12.421,11.948,11.302,10.853,10.751,5110.0,2.5,-2.42,1.8,Abohalima,,,6.48,,,,,5.49,3.41,5.64,,,,4.28,0.87,2.95,1.79,3.31,2.84,5.09,2.74,3.57,,,,,,,,0.64,-0.07,0.65,,,,,,,,,,0.02,-0.78,-0.31,-0.65,-0.38,-0.82,-1.02,-0.37,,-0.43,,-0.62,-1.38,-0.81,,,,,,,,,,,-1.12,-1.42,,,,,,,,,,,,,,,,,,,,,,,,,,,,,,,,,,,,,,,,,,,,,,,,,,,,,,,,,,,,,,,,,,,,,,-1.95,,,,,-2.11,-3.04,-1.87,,,,-2.06,-2.28,-2.0,-2.14,-2.33,-2.59,-2.25,-2.65,,,,,,,,-2.23,-2.28,-1.93,,,,,,,,,,-2.16,-1.88,-1.89,-1.37,-1.8,-1.78,-1.54,-1.44,,-1.53,,-1.54,-1.48,-1.65,,,,,,,,,,,-1.14,-1.96,,,,,,,,,,,,,,,,,,,,,,,,,,,,,,,,,,,,,,,,,,,,,,,,,,,,,,,,,,,,,,,,,,,,,,,,,,0.3,-0.63,0.54,,,,0.35,0.13,0.41,0.27,0.08,-0.18,0.16,-0.24,,,,,,,,0.18,0.13,0.48,,,,,,,,,,0.25,0.53,0.52,1.04,0.61,0.63,0.87,0.97,,0.88,,0.87,0.93,0.76,,,,,,,,,,,1.27,0.45,,,,,,,,,,,,,,,,,,,,,,,,,,,,,,,,,,,,,,,,,,,,,,,,,,,,,,,,,,,,,,,,,
777,2MASS J21514574-3752308,21:51:45.74,-37:52:30.88,-2.81,0.43,,0.35,1.87,Mardini+2022,2MASS J21514574-3752308,Masseron+2012,MAS12,MAR22,,,VMP,DW,Atari Disk,327.940583,-37.875244,1.0,,,RG,7.0,1992AJ....103.1987B,,14.55,13.96,13.519,13.108,12.498,12.123,12.012,5000.0,2.3,-2.76,1.6,Abohalima,0.92,,6.05,5.1,,,3.35,5.15,,,,,,,,,,,,4.69,,,,,,,,,,,,,,,,,,,,,,-0.85,,,,,,-2.4,,,,,,,,,,,,,,,,,,,,,,,,,,,,,,,,,,,,,,,,,,,,,,,,,,,,,,,,,,,,,,,,,,,,,,,,,,,,,,,,,,,,,,,-0.13,,-2.38,-2.73,,,-2.89,-2.45,,,,,,,,,,,,,,,,,,,,,,,,,,,,,,,,,-3.03,,,,,,-2.92,,,,,,,,,,,,,,,,,,,,,,,,,,,,,,,,,,,,,,,,,,,,,,,,,,,,,,,,,,,,,,,,,,,,,,,,,,,,,,,,,,,,,,,2.68,,0.08,,,-0.08,0.36,,,,,,,,,,,,,,,,,,,,,,,,,,,,,,,,,-0.22,,,,,,-0.11,,,,,,,,,,,,,,,,,,,,,,,,,,,,,,,,,,,,,,,,,,,,,,,,,,,,,,,,,,,,,,,,,,,,,,,,,,,,,,,,,,,,
855,2MASS J22240014-4235160,22:24:00.14,-42:35:16.05,-2.77,0.14,,0.49,2.45,Mardini+2022,2MASS J22240014-4235160,Roederer+2014,ROE14,MAR22,,,VMP,DW,Atari Disk,336.000583,-42.587792,1.0,,,RG,-74.0,1992AJ....103.1987B,14.44,14.4,13.94,13.3,,12.517,12.129,12.026,5060.0,2.2,-2.77,1.4,Abohalima,,,5.8,6.41,,,3.8,5.27,3.81,,,,2.62,4.02,0.37,2.41,1.01,2.7,2.28,4.73,2.21,3.57,,2.19,,,,,,0.34,-0.74,0.16,,,,,,,,,,-0.8,-1.52,-1.17,,-1.25,-1.5,-1.91,,,-1.07,,-1.46,,-1.57,,,,,,,,,,,,,0.86,,,,6.85,,,,,,,,,,,,,,,,,,1.48,,,,,,2.29,,,,0.69,0.1,,,,,,1.34,,,,,-1.2,,,,-0.69,-1.3,,,,,,,-0.6,,,,,,,0.78,,,,,,-2.63,-1.42,,,-2.44,-2.33,-2.64,,,,-2.41,-2.32,-2.78,-2.54,-2.92,-2.94,-3.15,-2.78,-2.65,,-2.37,,,,,,-2.53,-2.95,-2.42,,,,,,,,,,-2.98,-2.62,-2.75,,-2.67,-2.46,-2.43,,,-2.17,,-2.38,,-2.41,,,,,,,,,,,,,-0.19,,,,-1.84,,,,,,,,,,,,,,,,,,-2.71,,,,,,-0.23,,,,-0.77,-1.78,,,,,,-0.7,,,,,-1.92,,,,-1.76,-1.6,,,,,,,-1.45,,,,,,,-0.97,,,,,,1.35,,,0.33,0.44,0.13,,,,0.36,0.45,-0.01,0.23,-0.15,-0.17,-0.38,-0.01,0.12,,0.4,,,,,,0.24,-0.18,0.35,,,,,,,,,,-0.21,0.15,0.02,,0.1,0.31,0.34,,,0.6,,0.39,,0.36,,,,,,,,,,,,,2.58,,,0.93,,,,,,,,,,,,,,,,,0.06,,,,,,2.54,,,,2.0,0.99,,,,,,2.07,,,,,0.85,,,,1.01,1.17,,,,,,,1.32,,,,,,,1.8,,,
908,2MASS J23021574-3351110,23:02:15.75,-33:51:11.03,-2.29,0.37,,0.44,2.08,Mardini+2022,2MASS J23021574-3351110,Barklem+2005,BAR05,MAR22,,,VMP,DW,Atari Disk,345.565625,-33.853064,1.0,,,MS,-13.6,2005A&A...439..129B,,17.264,16.864,16.654,16.33,15.977,15.402,15.642,6266.0,4.32,-2.29,1.37,Abohalima,,,6.51,,,,,5.52,3.2,,,,,4.36,1.01,3.13,,3.23,2.6,5.21,2.87,3.92,,,,,,,,0.5,,,,,,,,,,,,-0.68,,,,,,,,,,,,,,,,,,,,,,,,,,,,,,,,,,,,,,,,,,,,,,,,,,,,,,,,,,,,,,,,,,,,,,,,,,,,,,,,,,,,,,,,,,,,,,,-1.92,,,,,-2.08,-3.25,,,,,-1.98,-2.14,-1.82,,-2.41,-2.83,-2.12,-2.3,,,,,,,,-2.37,,,,,,,,,,,,-2.86,,,,,,,,,,,,,,,,,,,,,,,,,,,,,,,,,,,,,,,,,,,,,,,,,,,,,,,,,,,,,,,,,,,,,,,,,,,,,,,,,,,,,,,,,,,,,,,,,,,0.21,-0.96,,,,,0.31,0.15,0.47,,-0.12,-0.54,0.17,-0.01,,,,,,,,-0.08,,,,,,,,,,,,-0.57,,,,,,,,,,,,,,,,,,,,,,,,,,,,,,,,,,,,,,,,,,,,,,,,,,,,,,,,,,,,,,,,,,,,,,,,,,,,,,,,,,,,,,,,,,
1066,BD-20 6008,20:42:48.77,-20:00:39.37,-3.0,-0.48,,0.32,1.4,Mardini+2022,BD-20 6008,Roederer+2014,ROE14,MAR22,,,EMP,DW,Atari Disk,310.703208,-20.010936,1.0,,,RG,22.1,2006AstL...32..759G,,10.6,9.89,,,8.023,7.525,7.396,4540.0,0.65,-3.05,1.7,Abohalima,,,4.95,5.63,,,,5.13,3.01,,,,2.35,3.78,0.06,2.04,0.62,2.35,1.94,4.5,1.88,3.22,,1.76,,,,,,-0.22,-1.21,-0.41,,,,,,,,,,-1.22,-2.1,-1.65,-2.11,-1.87,-2.05,-2.59,,,-2.07,,-2.06,,-2.36,,,,,,,,,,,,,0.05,,,,6.21,,,,,,,,,,,,,,,,,,0.81,,,,,,1.51,,,,0.05,-0.58,,,,,,,,,,,,,,,-1.42,-2.26,,,,-2.28,,,-1.29,,,,,,,0.46,,-2.42,,,,-3.48,-2.2,,,,-2.47,-3.44,,,,-2.68,-2.56,-3.09,-2.91,-3.31,-3.29,-3.49,-3.11,-3.0,,-2.8,,,,,,-3.09,-3.42,-2.99,,,,,,,,,,-3.4,-3.2,-3.23,-2.83,-3.29,-3.01,-3.11,,,-3.17,,-2.98,,-3.2,,,,,,,,,,,,,-1.0,,,,-2.48,,,,,,,,,,,,,,,,,,-3.38,,,,,,-1.01,,,,-1.41,-2.46,,,,,,,,,,,,,,,-2.49,-2.56,,,,-2.38,,,-2.14,,,,,,,-1.29,,-2.44,,,,0.8,,,,0.53,-0.44,,,,0.32,0.44,-0.09,0.09,-0.31,-0.29,-0.49,-0.11,0.0,,0.2,,,,,,-0.09,-0.42,0.01,,,,,,,,,,-0.4,-0.2,-0.23,0.17,-0.29,-0.01,-0.11,,,-0.17,,0.02,,-0.2,,,,,,,,,,,,,2.0,,,0.52,,,,,,,,,,,,,,,,,-0.38,,,,,,1.99,,,,1.59,0.54,,,,,,,,,,,,,,,0.51,0.44,,,,0.62,,,0.86,,,,,,,1.71,,0.56,
1419,BPS CS29506-0007,21:20:28.65,-20:46:22.90,-3.24,,0.81,0.45,1.02,Mardini+2022,BPS CS29506-0007,Roederer+2014,ROE14,MAR22,,,EMP,DW,Atari Disk,320.119375,-20.773028,1.0,,,SG,46.0,1992AJ....103.1987B,,14.1,14.18,13.7,,13.174,12.934,12.872,5940.0,3.6,-2.94,1.5,Abohalima,1.88,,,,6.33,,,4.8,2.51,4.56,,,,3.74,0.18,2.22,,2.18,1.75,4.26,1.99,2.95,,,,,,,,-0.12,-1.18,,,,,,,,,,,-1.03,,,,,,,,,,,,,,,,,,,,,,,,,,,,6.0,6.0,,,,,,,,,,,,,1.74,,,,,,,2.37,,,,,2.81,,,,1.36,1.0,,,,,,2.22,,,,-0.01,-0.39,-0.23,-0.12,-1.36,0.24,-0.38,-0.39,-0.48,-0.34,-0.71,-1.24,,0.57,,,,,,,1.47,,-0.27,,0.83,,,,-2.36,,,-2.8,-3.94,-2.95,,,,-2.6,-2.97,-2.73,,-3.46,-3.68,-3.0,-3.27,,,,,,,,-2.99,-3.39,,,,,,,,,,,-3.21,,,,,,,,,,,,,,,,,,,,,,,,,,,,-2.43,-1.83,,,,,,,,,,,,,-2.19,,,,,,,-2.19,,,,,0.29,,,,-0.1,-0.88,,,,,,0.18,,,,-1.59,-1.11,-1.65,-1.08,-1.88,-0.83,-0.68,-1.49,-0.96,-1.26,-0.81,-2.08,,-0.28,,,,,,,-0.28,,-0.29,,4.07,,,0.88,,,0.44,-0.7,0.29,,,,0.64,0.27,0.51,,-0.22,-0.44,0.24,-0.03,,,,,,,,0.25,-0.15,,,,,,,,,,,0.03,,,,,,,,,,,,,,,,,,,,,,,,,,,,1.41,,,,,,,,,,,,,1.05,,,,,,1.05,,,,,3.53,,,,3.14,2.36,,,,,,3.42,,,,1.65,2.13,1.59,2.16,1.36,2.41,2.56,1.75,2.28,1.98,2.43,1.16,,2.96,,,,,,,2.96,,2.95,
1455,BPS CS30493-0071,23:16:30.80,-35:34:35.90,-2.82,0.35,,0.4,1.26,Mardini+2022,BPS CS30493-0071,Roederer+2014,ROE14,MAR22,,,VMP,DW,Atari Disk,349.128333,-35.576639,1.0,,,SG,-3.0,1992AJ....103.1987B,,13.0,13.21,12.9,,12.141,11.819,11.775,5700.0,3.55,-2.46,1.3,Abohalima,,,5.96,,6.77,,3.4,5.23,2.99,5.15,,,,3.99,0.51,2.63,1.7,2.72,2.07,4.68,2.26,3.44,,2.3,,,,,,0.7,-0.45,0.49,,,,,,,,,,-0.79,,,,,,,,,,,,,,,,,,,,,,,,,,1.29,,,6.4,,,,,,,,,,,,,,,,,,,,,,,,,2.78,,,,1.28,0.9,,,,,,,,,-1.03,-0.23,-0.59,-0.35,-0.23,-1.51,0.05,-0.57,-0.44,-0.77,-0.35,-0.89,-1.43,,0.37,,,,,,,1.5,,-0.55,,,,-2.47,,-1.92,,-2.84,-2.37,-3.46,-2.36,,,,-2.35,-2.64,-2.32,-2.23,-2.92,-3.36,-2.73,-2.78,,-2.26,,,,,,-2.17,-2.66,-2.09,,,,,,,,,,-2.97,,,,,,,,,,,,,,,,,,,,,,,,,,0.24,,,-1.43,,,,,,,,,,,,,,,,,,,,,,,,,0.26,,,,-0.18,-0.98,,,,,,,,,-2.13,-1.81,-1.31,-1.77,-1.19,-2.03,-1.02,-0.87,-1.54,-1.25,-1.27,-0.99,-2.27,,-0.48,,,,,,,-0.25,,-0.57,,,,,0.9,,-0.02,0.45,-0.64,0.46,,,,0.47,0.18,0.5,0.59,-0.1,-0.54,0.09,0.04,,0.56,,,,,,0.65,0.16,0.73,,,,,,,,,,-0.15,,,,,,,,,,,,,,,,,,,,,,,,,,3.06,,1.39,,,,,,,,,,,,,,,,,,,,,,,,3.08,,,,2.64,1.84,,,,,,,,,0.69,1.01,1.51,1.05,1.63,0.79,1.8,1.95,1.28,1.57,1.55,1.83,0.55,,2.34,,,,,,,2.57,,2.25,
1485,CD-26 16470,23:05:50.54,-25:57:22.29,-2.13,,,0.34,2.75,Mardini+2022,CD-26 16470,Ruchti+2011,RUC11,MAR22,,,VMP,DW,Atari Disk,346.460583,-25.956192,1.0,,,RG,-73.7,2011yCat.3265....0S,,12.06,11.16,10.61,10.229,9.48,8.979,8.893,4912.0,1.76,-2.13,2.0,Abohalima,,,,,,,,5.74,,5.84,,,,4.53,,3.08,,,,5.37,,,,,,,,,,,,,,,,,,,,,,,,,,,,,,,,,,,,,,,,,,,,,,,,,,,,,,,,,,,,,,,,,,,,,,,,,,,,,,,,,,,,,,,,,,,,,,,,,,,,,,,,,,,,,,,,,,,,,,,,,,-1.86,,-1.67,,,,-1.81,,-1.87,,,,,,,,,,,,,,,,,,,,,,,,,,,,,,,,,,,,,,,,,,,,,,,,,,,,,,,,,,,,,,,,,,,,,,,,,,,,,,,,,,,,,,,,,,,,,,,,,,,,,,,,,,,,,,,,,,,,,,,,,,,,0.27,,0.46,,,,0.32,,0.26,,,,,,,,,,,,,,,,,,,,,,,,,,,,,,,,,,,,,,,,,,,,,,,,,,,,,,,,,,,,,,,,,,,,,,,,,,,,,,,,,,,,,,,,,,,,,,,,,,,,,,,,,,,,,,,,,,,
1514,CD-49 506,01:49:07.94,-49:11:43.16,-2.65,,,0.49,2.75,Mardini+2022,CD-49 506,Ruchti+2011,RUC11,MAR22,,,VMP,DW,Atari Disk,27.283083,-49.195322,1.0,,,RG,92.9,2013AJ....146..134K,,11.944,11.172,,,9.525,9.097,8.96,4936.0,1.73,-2.65,1.8,Abohalima,,,,,,,,5.32,,5.21,,,,4.04,,2.56,,,,4.85,,,,,,,,,,,,,,,,,,,,,,,,,,,,,,,,,,,,,,,,,,,,,,,,,,,,,,,,,,,,,,,,,,,,,,,,,,,,,,,,,,,,,,,,,,,,,,,,,,,,,,,,,,,,,,,,,,,,,,,,,,-2.28,,-2.3,,,,-2.3,,-2.39,,,,,,,,,,,,,,,,,,,,,,,,,,,,,,,,,,,,,,,,,,,,,,,,,,,,,,,,,,,,,,,,,,,,,,,,,,,,,,,,,,,,,,,,,,,,,,,,,,,,,,,,,,,,,,,,,,,,,,,,,,,,0.37,,0.35,,,,0.35,,0.26,,,,,,,,,,,,,,,,,,,,,,,,,,,,,,,,,,,,,,,,,,,,,,,,,,,,,,,,,,,,,,,,,,,,,,,,,,,,,,,,,,,,,,,,,,,,,,,,,,,,,,,,,,,,,,,,,,,
1888,HD2796,00:31:16.91,-16:47:40.79,-2.45,-0.43,,0.68,1.13,Mardini+2022,HD2796,Cayrel+2004,CAY04,MAR22,,,VMP,DW,Atari Disk,7.820458,-16.794664,1.0,,,RG,-61.15,2008A&A...480...91S,9.58,9.28,8.5,8.14,8.67,6.853,6.391,6.256,4950.0,1.5,-2.4,2.1,Abohalima,,,5.55,6.3,6.77,,4.2,5.36,3.35,5.48,,,,4.22,0.79,2.79,,2.95,2.54,5.05,2.59,3.7,,2.37,,,,,,0.75,-0.48,0.21,,,,,,,,,,-0.48,-1.4,-0.83,-1.5,-1.1,-1.4,-1.85,-1.4,,-1.32,-2.2,-1.43,,-1.52,,,,,,,,,,,,,-0.3,,,,,,,,,,,,,,,,,,,,,,,,,,,,,,,,,,,,,,,,,,,,,,,,,,,,,-2.47,,,,,,,,,,,,,,,,-2.88,-1.53,-1.92,,-2.04,-2.24,-3.1,-2.03,,,,-2.12,-2.36,-2.16,,-2.69,-2.89,-2.4,-2.52,,-2.19,,,,,,-2.12,-2.69,-2.37,,,,,,,,,,-2.66,-2.5,-2.41,-2.22,-2.52,-2.36,-2.37,-2.47,,-2.42,-2.68,-2.35,,-2.36,,,,,,,,,,,,,-1.35,,,,,,,,,,,,,,,,,,,,,,,,,,,,,,,,,,,,,,,,,,,,,,,,,,,,,-2.57,,,,,,,,,,,,,,,,0.92,0.53,,0.41,0.21,-0.65,0.42,,,,0.33,0.09,0.29,,-0.24,-0.44,0.05,-0.07,,0.26,,,,,,0.33,-0.24,0.08,,,,,,,,,,-0.21,-0.05,0.04,0.23,-0.07,0.09,0.08,-0.02,,0.03,-0.23,0.1,,0.09,,,,,,,,,,,,,1.1,,,,,,,,,,,,,,,,,,,,,,,,,,,,,,,,,,,,,,,,,,,,,,,,,,,-0.12,,,,,,,,,,,,,
2035,HE 0945-1435,09:47:50.70,-14:49:07.00,-3.87,,2.0,0.57,0.76,Mardini+2022,HE 0945-1435,Hansen+2015,HAN15,MAR22,,,EMP,DW,Atari Disk,146.96125,-14.818611,1.0,,,MS,121.8,2013ApJ...762...25N,,15.1,,,,,,,6300.0,4.5,-3.9,1.6,Abohalima,1.88,,,,,,,3.84,,3.95,,,,2.59,,1.04,,1.6,,3.63,,2.52,,,,,,,,,,,,,,,,,,,,,,,,,,,,,,,,,,,,,,,,,,,,,,,,6.56,6.06,8.82,,2.07,,2.08,,,,,,-0.82,,1.86,,1.36,,2.12,,,2.49,,,,,,-1.9,,,,,,,,,,,,-1.69,,,,,,-1.15,,,,,,,,,,,,,,,,,,,,0.83,,,,,,,-3.76,,-3.56,,,,-3.75,,-3.91,,-4.04,,,-3.7,,,,,,,,,,,,,,,,,,,,,,,,,,,,,,,,,,,,,,,,,,,,,,,,-1.87,-1.77,0.13,,-4.17,,-4.37,,,,,,-3.97,,-2.07,,-4.07,,-2.87,,,-2.07,,,,,,-4.77,,,,,,,,,,,,-3.87,,,,,,-1.67,,,,,,,,,,,,,,,,,,,,4.7,,,,,,0.11,,0.31,,,,0.12,,-0.04,,-0.17,,,0.17,,,,,,,,,,,,,,,,,,,,,,,,,,,,,,,,,,,,,,,,,,,,,,,,2.1,4.0,,-0.3,,-0.5,,,,,,-0.1,,1.8,,-0.2,1.0,,,1.8,,,,,,-0.9,,,,,,,,,,,,0.0,,,,,,2.2,,,,,,,,,,,,,,,,,,,
2080,HE 2318-1621,23:21:21.56,-16:05:05.65,-3.67,0.54,,0.58,3.64,Mardini+2022,HE 2318-1621,Placco+2020,PLA20,MAR22,,,EMP,DW,Atari Disk,350.339833,-16.084903,1.0,,,RG,,,,13.38,12.73,12.67,,11.238,10.803,10.713,4846.0,1.4,-3.67,1.75,Abohalima,,,5.3,5.4,,,3.28,4.13,2.2,,,,,2.96,-0.77,1.63,,1.62,1.08,3.83,1.57,2.69,,1.35,,,,,,-1.8,,,,,,,,,,,,-3.1,,,,,,-3.02,,,,,,,,,,,,,,,,,,,,,,,,,,,,,,,,,,,,,,,,,,,,,,,,,,,,,,,,,,,,,,,,,,,,,,,,,,,,,,,,,,,,,,,,,-3.13,-2.43,,,-2.96,-3.47,-4.25,,,,,-3.38,-3.92,-3.32,,-4.02,-4.35,-3.42,-3.53,,-3.21,,,,,,-4.67,,,,,,,,,,,,-5.28,,,,,,-3.54,,,,,,,,,,,,,,,,,,,,,,,,,,,,,,,,,,,,,,,,,,,,,,,,,,,,,,,,,,,,,,,,,,,,,,,,,,,,,,,,,,,,,,,,,1.24,,,0.71,0.2,-0.58,,,,,0.29,-0.25,0.35,,-0.35,-0.68,0.25,0.14,,0.46,,,,,,-1.0,,,,,,,,,,,,-1.61,,,,,,0.13,,,,,,,,,,,,,,,,,,,,,,,,,,,,,,,,,,,,,,,,,,,,,,,,,,,,,,,,,,,,,,,,,,,,,,,,,,,,,,,,,,,,
2211,SDSS J063055.57+255243.7,06:30:55.57,+25:52:43.81,-3.05,,,0.5,0.74,Mardini+2022,SDSS J063055.57+255243.7,Aoki+2013,AOK13,MAR22,,,EMP,DW,Atari Disk,97.731542,25.878836,1.0,,,SG,45.55,2013AJ....145...13A,,,,,,16.18,15.66,15.97,6100.0,4.0,-3.05,1.5,Abohalima,,,,,,,,4.78,,,,,,,,,,,,4.45,,,,,,,,,,,,,,,,,,,,,,,,,,,,,,,,,,,,,,,,,,,,,,,,,,,,,,,,,,,,,,,,,,,,,,,,,,,,,,,,,,,,,,,,,,,,,,,,,,,,,,,,,,,,,,,,,,,,,,,,,,-2.82,,,,,,,,,,,,,,,,,,,,,,,,,,,,,,,,,,,,,,,,,,,,,,,,,,,,,,,,,,,,,,,,,,,,,,,,,,,,,,,,,,,,,,,,,,,,,,,,,,,,,,,,,,,,,,,,,,,,,,,,,,,,,,,,,,,,0.23,,,,,,,,,,,,,,,,,,,,,,,,,,,,,,,,,,,,,,,,,,,,,,,,,,,,,,,,,,,,,,,,,,,,,,,,,,,,,,,,,,,,,,,,,,,,,,,,,,,,,,,,,,,,,,,,,,,,,,,,,,,
2248,SDSS J120441.38+120111.5,12:04:41.39,+12:01:11.52,-4.34,,1.45,0.39,3.35,Mardini+2022,SDSS J120441.38+120111.5,Placco+2015,PLA15,MAR22,,,UMP,DW,Atari Disk,181.172458,12.019867,1.0,,,RG,51.0,2012ApJS..203...21A,,,,,,,,,5467.0,3.2,-4.34,1.5,Abohalima,1.7,,,,,,2.34,3.66,,3.88,,,,2.42,-0.78,1.48,,1.89,,3.16,,2.61,,,,,,,,,,,,,,,,,,,,,,,,,,,,,,,,,,,,,,,,,,,,,,,,5.54,,,,,,,,,,,,,,,,,,,,,,,,,,,-1.55,,,,,,,,,,,,-1.54,,,,,,,,,,,,,,,,,,,,,,,,,,0.65,,,,,,-3.9,-3.94,,-3.63,,,,-3.92,-3.93,-3.47,,-3.75,,,-3.61,,,,,,,,,,,,,,,,,,,,,,,,,,,,,,,,,,,,,,,,,,,,,,,,-2.89,,,,,,,,,,,,,,,,,,,,,,,,,,,-4.42,,,,,,,,,,,,-3.72,,,,,,,,,,,,,,,,,,,,,,,,,,4.99,,,,,0.44,0.4,,0.71,,,,0.42,0.41,0.87,,0.59,,,0.73,,,,,,,,,,,,,,,,,,,,,,,,,,,,,,,,,,,,,,,,,,,,,,,,,,,,,,,,,,,,,,,,,,,,,,,,,-0.08,,,,,,,,,,,,0.62,,,,,,,,,,,,,,,,,,,,,,,,,
2255,SDSS J124502.68-073847.0,12:45:02.68,-07:38:46.95,-3.16,2.53,,0.5,4.0,Mardini+2022,SDSS J124502.68-073847.0,Aoki+2013,AOK13,MAR22,S,CE,EMP,DW,Atari Disk,191.261167,-7.646375,1.0,,,SG,76.88,2013AJ....145...13A,,,,,,15.09,14.77,14.81,6100.0,4.0,-3.17,1.5,Abohalima,,,7.8,,,,4.42,5.12,,,,,,4.08,,2.37,,,,4.34,,,,,,,,,,0.35,,,,,,,,,,,,1.1,,,,,,,,,,,,,,,,,,,,,,,,,,,,,,,,,,,,,,,,,,,,,,,,,,,,,,,,,,,,,,,,,,,,,,,,,,,,,,,,,,,,,,,,,,,,,,,-0.63,,,,-1.82,-2.48,,,,,,-2.26,,-2.58,,,,,,,,,,,,,-2.52,,,,,,,,,,,,-1.08,,,,,,,,,,,,,,,,,,,,,,,,,,,,,,,,,,,,,,,,,,,,,,,,,,,,,,,,,,,,,,,,,,,,,,,,,,,,,,,,,,,,,,,,,,,,,,,,,,1.34,0.68,,,,,,0.9,,0.58,,,,,,,,,,,,,0.64,,,,,,,,,,,,2.08,,,,,,,,,,,,,,,,,,,,,,,,,,,,,,,,,,,,,,,,,,,,,,,,,,,,,,,,,,,,,,,,,,,,,,,,,,,,,,,,,,,,,,,,,,
2419,SMSS J155628.74-165533.4,15:56:28.74,-16:55:33.40,-2.79,0.36,,0.36,2.15,Mardini+2022,SMSS J155628.74-165533.4,Jacobson+2015,JAC15,MAR22,,,VMP,DW,Atari Disk,239.11975,-16.925944,1.0,,,RG,,,,,,,,,,,4837.0,1.45,-2.79,2.25,Abohalima,,,6,,,,3.84,5.33,2.98,5.4,,,,4.01,0.22,2.48,,2.68,2.16,4.71,2.27,3.68,,2,,,,,,-0.23,,,,,,,,,,,,-1.01,,,,,,,,,,,,,,,,,,,,,,,,,,,,,,,,,,,,,,,,,,,,,,,,,,,,,,,,,,,,,,,,,,,,,,,,,-2.12,,,,,,,,,,,,,,,,,,,,,,-2.43,,,,-2.4,-2.27,-3.47,-2.11,,,,-2.33,-2.93,-2.47,,-2.96,-3.27,-2.72,-2.54,,-2.56,,,,,,-3.1,,,,,,,,,,,,-3.19,,,,,,,,,,,,,,,,,,,,,,,,,,,,,,,,,,,,,,,,,,,,,,,,,,,,,,,,,,,,,,,,,,,,,,,,,-2.64,,,,,,,,,,,,,,,,,,,,,,,,,0.39,0.52,-0.68,0.68,,,,0.46,-0.14,0.32,,-0.17,-0.48,0.07,0.25,,0.23,,,,,,-0.31,,,,,,,,,,,,-0.4,,,,,,,,,,,,,,,,,,,,,,,,,,,,,,,,,,,,,,,,,,,,,,,,,,,,,,,,,,,,,,,,,,,,,,,0.15,,,,,,,,,,,,,,,,,,,
2507,TYC 4928-1438-1,11:18:35.88,-06:50:45.02,-3.73,0.08,,0.31,4.71,Mardini+2022,TYC 4928-1438-1,Hollek+2011,HOL11,MAR22,,,EMP,DW,Atari Disk,169.6495,-6.845839,1.0,,,RG,116.09,2013AJ....146..134K,,12.577,11.606,10.822,10.099,9.675,9.11,9.005,4400.0,0.1,-3.73,2.4,Abohalima,,,4.78,,,,,4.69,2.62,4.41,,,,2.94,-0.11,1.76,,,,3.77,1.65,2.93,,1.41,,,,,,-3.12,,,,,,,,,,,,-3.36,,,,,,,,,,,,,,,,,,,,,,,,,,0.35,,,,,,,,,,,,,,,,,,,,,,,,,,,,,,-2.13,-1.04,,,,,,,,,,,-2.51,,,,,-3.14,,,,,,,,,,,,,,,,,,,,,,-3.65,,,,,-2.91,-3.83,-3.1,,,,-3.4,-3.26,-3.19,,,,-3.34,-3.29,,-3.15,,,,,,-5.99,,,,,,,,,,,,-5.54,,,,,,,,,,,,,,,,,,,,,,,,,,-0.7,,,,,,,,,,,,,,,,,,,,,,,,,,,,,,-4.34,-3.62,,,,,,,,,,,-3.61,,,,,-3.66,,,,,,,,,,,,,,,,,,,,,,,,,,0.82,-0.1,0.63,,,,0.33,0.47,0.54,,,,0.39,0.44,,0.58,,,,,,-2.26,,,,,,,,,,,,-1.81,,,,,,,,,,,,,,,,,,,,,,,,,,3.03,,,,,,,,,,,,,,,,,,,,,,,,,,,,-0.61,0.11,,,,,,,,,,,0.12,,,,,0.07,,,,,,,,,,,,,,,,,,,
2508,TYC 4961-1053-1,13:19:47.00,-04:23:10.25,-3.1,-0.52,,0.3,4.5,Mardini+2022,TYC 4961-1053-1,Hollek+2011,HOL11,MAR22,,,EMP,DW,Atari Disk,199.945833,-4.386181,1.0,,,RG,-38.0,2013MNRAS.434.1681C,,12.97,12.116,11.558,11.05,10.471,9.991,9.853,4525.0,0.3,-3.1,2.15,Abohalima,0.61,,4.81,,,,,5.06,3.01,5,,,,3.72,0.07,2.11,,2.32,1.9,4.4,1.97,3.22,,1.73,,,,,,-0.45,-1.29,-0.6,,,,,,,,,,-1.27,-2.18,,,,,-2.57,,,,,,,,,,,,,,,,,,,,,,,,,,,,,,,,,,,,,,,,,,,,,,,,,,,,,,,,,,,,,,,,,,,,,,,,,,,,,,,,,,,,,,,-0.44,,-3.62,,,,,-2.54,-3.44,-2.51,,,,-2.62,-3.08,-2.84,,-3.32,-3.53,-3.02,-3.0,,-2.83,,,,,,-3.32,-3.5,-3.18,,,,,,,,,,-3.45,-3.28,,,,,-3.09,,,,,,,,,,,,,,,,,,,,,,,,,,,,,,,,,,,,,,,,,,,,,,,,,,,,,,,,,,,,,,,,,,,,,,,,,,,,,,,,,,,,,,,2.66,,,,,,0.56,-0.34,0.59,,,,0.48,0.02,0.26,,-0.22,-0.43,0.08,0.1,,0.27,,,,,,-0.22,-0.4,-0.08,,,,,,,,,,-0.35,-0.18,,,,,0.01,,,,,,,,,,,,,,,,,,,,,,,,,,,,,,,,,,,,,,,,,,,,,,,,,,,,,,,,,,,,,,,,,,,,,,,,,,,,,,,,,,,,
2526,TYC 6393-564-1,22:49:23.56,-21:30:29.50,-2.38,,,0.54,2.96,Mardini+2022,TYC 6393-564-1,Ruchti+2011,RUC11,MAR22,,,VMP,DW,Atari Disk,342.348167,-21.508194,1.0,,,RG,-111.3,2011ApJ...737....9R,,12.98,12.54,,,10.599,10.161,10.06,5218.0,2.67,-2.38,1.4,Abohalima,,,,,,,,5.51,,,,,,4.23,,2.76,,,,5.12,,,,,,,,,,,,,,,,,,,,,,,,,,,,,,,,,,,,,,,,,,,,,,,,,,,,,,,,,,,,,,,,,,,,,,,,,,,,,,,,,,,,,,,,,,,,,,,,,,,,,,,,,,,,,,,,,,,,,,,,,,-2.09,,,,,,-2.11,,-2.19,,,,,,,,,,,,,,,,,,,,,,,,,,,,,,,,,,,,,,,,,,,,,,,,,,,,,,,,,,,,,,,,,,,,,,,,,,,,,,,,,,,,,,,,,,,,,,,,,,,,,,,,,,,,,,,,,,,,,,,,,,,,0.29,,,,,,0.27,,0.19,,,,,,,,,,,,,,,,,,,,,,,,,,,,,,,,,,,,,,,,,,,,,,,,,,,,,,,,,,,,,,,,,,,,,,,,,,,,,,,,,,,,,,,,,,,,,,,,,,,,,,,,,,,,,,,,,,,
2530,TYC 7062-1120-1,05:51:42.14,-33:27:33.76,-2.46,,,0.68,1.71,Mardini+2022,TYC 7062-1120-1,Holmbeck+2020,HOL20,MAR22,,,VMP,DW,Atari Disk,87.925583,-33.459378,1.0,,alpha,RG,103.5,2011ApJ...737....9R,,12.61,11.91,,,10.08,9.579,9.455,4617.0,0.96,-2.46,1.9,Abohalima,,,,,,,,5.58,,5.54,,,,4.27,,2.67,,,,5.04,,,,,,,,,,,,,,,,,,,,,,,,,,,,,,,,,,,,,,,,,,,,,,,,,,,,,,,,,,,,,,,,,,,,,,,,,,,,,,,,,,,,,,,,,,,,,,,,,,,,,,,,,,,,,,,,,,,,,,,,,,-2.02,,-1.97,,,,-2.07,,-2.28,,,,,,,,,,,,,,,,,,,,,,,,,,,,,,,,,,,,,,,,,,,,,,,,,,,,,,,,,,,,,,,,,,,,,,,,,,,,,,,,,,,,,,,,,,,,,,,,,,,,,,,,,,,,,,,,,,,,,,,,,,,,0.44,,0.49,,,,0.39,,0.18,,,,,,,,,,,,,,,,,,,,,,,,,,,,,,,,,,,,,,,,,,,,,,,,,,,,,,,,,,,,,,,,,,,,,,,,,,,,,,,,,,,,,,,,,,,,,,,,,,,,,,,,,,,,,,,,,,,
2535,TYC 7602-1143-1,05:52:15.78,-39:53:18.47,-2.05,,,0.69,1.33,Mardini+2022,TYC 7602-1143-1,Ruchti+2011,RUC11,MAR22,,,VMP,DW,Atari Disk,88.06575,-39.888464,1.0,,,RG,102.0,2011ApJ...737....9R,,12.405,11.532,,,9.71,9.183,9.075,4875.0,1.87,-2.05,1.9,Abohalima,,,,,,,,5.85,,5.91,,,,4.63,,3.12,,,,5.45,,,,,,,,,,,,,,,,,,,,,,,,,,,,,,,,,,,,,,,,,,,,,,,,,,,,,,,,,,,,,,,,,,,,,,,,,,,,,,,,,,,,,,,,,,,,,,,,,,,,,,,,,,,,,,,,,,,,,,,,,,-1.75,,-1.6,,,,-1.71,,-1.83,,,,,,,,,,,,,,,,,,,,,,,,,,,,,,,,,,,,,,,,,,,,,,,,,,,,,,,,,,,,,,,,,,,,,,,,,,,,,,,,,,,,,,,,,,,,,,,,,,,,,,,,,,,,,,,,,,,,,,,,,,,,0.3,,0.45,,,,0.34,,0.22,,,,,,,,,,,,,,,,,,,,,,,,,,,,,,,,,,,,,,,,,,,,,,,,,,,,,,,,,,,,,,,,,,,,,,,,,,,,,,,,,,,,,,,,,,,,,,,,,,,,,,,,,,,,,,,,,,,
2554,SDSS J102915.14+172927.9,10:29:15.15,+17:29:27.88,-4.97,,0.74,0.06,2.47,Mardini+2022,SDSS J102915.14+172927.9,Caffau+2011,CAF11,MAR22,,,UMP,DW,Atari Disk,157.313125,17.491078,1.0,,,SG,,,,,,,15.98,15.51,15.13,15.15,5811.0,4.0,-4.97,1.5,Abohalima,,,,,,,,2.95,,3.25,,,,1.53,,,,,,2.53,,1.35,,,,,,,,,,,,,,,,,,,,,,,,,,,,,,,,,,,,,,,,,,,,,,1.1,,4.2,3.1,,,,,,,,,,,,,,,,,,,,,,,,,,-2.28,,,,,,,,,,,,,,,,,,,,,,,,,,,,,,,,,,,,,,,,,,,,,-4.65,,-4.26,,,,-4.81,,,,,,,-4.87,,,,,,,,,,,,,,,,,,,,,,,,,,,,,,,,,,,,,,,,,,,,,,0.05,,-4.23,-4.73,,,,,,,,,,,,,,,,,,,,,,,,,,-5.15,,,,,,,,,,,,,,,,,,,,,,,,,,,,,,,,,,,,,,,,,,,,0.32,,0.71,,,,0.16,,,,,,,0.1,,,,,,,,,,,,,,,,,,,,,,,,,,,,,,,,,,,,,,,,,,,,,,5.02,,0.24,,,,,,,,,,,,,,,,,,,,,,,,,-0.18,,,,,,,,,,,,,,,,,,,,,,,,,,,,,,,,,,,,,
2562,HE 0017-4346,00:20:16.20,-43:30:18.00,-3.07,3.02,,0.52,2.7,Mardini+2022,HE 0017-4346,Cohen+2013,COH13,MAR22,S,CE,EMP,DW,Atari Disk,5.0675,-43.505,1.0,,,SG,58.9,2013ApJ...778...56C,,,15.88,,,,,,6198.0,3.8,-3.07,1.2,Abohalima,,,8.38,,,,4.64,5.39,3.36,,,,,3.69,,2.08,,,1.99,4.43,2.62,3.1,,,,,,,,0.64,-0.13,,,,,,,,,,,0.34,-0.19,,,,,,,,,,,,,,,,,,,,,,,,,,,,,,,,,,,,,,,1.71,,,,,,,,,,,,,,,,,,,,,,,,,,,,,,,,,-1.56,,,,,,,,,,,,,,,,,,,,,,-0.05,,,,-1.6,-2.21,-3.09,,,,,-2.65,,-2.87,,,-3.44,-2.37,-3.12,,,,,,,,-2.23,-2.34,,,,,,,,,,,-1.84,-1.29,,,,,,,,,,,,,,,,,,,,,,,,,,,,,,,,,,,,,,,-1.44,,,,,,,,,,,,,,,,,,,,,,,,,,,,,,,,,-2.08,,,,,,,,,,,,,,,,,,,,,,,,,1.47,0.86,-0.02,,,,,0.42,,0.2,,,-0.37,0.7,-0.05,,,,,,,,0.84,0.73,,,,,,,,,,,1.23,1.78,,,,,,,,,,,,,,,,,,,,,,,,,,,,,,,,,,,,,,1.63,,,,,,,,,,,,,,,,,,,,,,,,,,,,,,,,0.99,,,,,,,,,,,,,,,,,,,
2591,UCAC4 342-001270,01:07:31.23,-21:46:06.50,-2.55,,,0.11,3.28,Mardini+2022,UCAC4 342-001270,Cohen+2013,COH13,MAR22,,,VMP,DW,Atari Disk,16.880125,-21.768472,1.0,,alpha,MS,-77.3,2013ApJ...778...56C,,15.9,15.76,15.8,,14.78,14.413,14.436,6330.0,4.4,-2.55,1.6,Abohalima,,,,,,,,5.45,3.6,5.11,,,,4.01,0.82,3.21,,2.83,2.13,4.95,2.86,3.48,,,,,,,,0.04,,,,,,,,,,,,-0.93,,,,,,,,,,,,,,,,,,,,,,,,,,,,,,,,,,,,,,,,,,,,,,,,,,,,,,,,,,,,,,,,,,,,,,,,,-0.38,,,,,,,,,,,,,,,,,,,,,,,,,,,-2.15,-2.85,-2.4,,,,-2.33,-2.33,-1.74,,-2.81,-3.3,-2.13,-2.74,,,,,,,,-2.83,,,,,,,,,,,,-3.11,,,,,,,,,,,,,,,,,,,,,,,,,,,,,,,,,,,,,,,,,,,,,,,,,,,,,,,,,,,,,,,,,,,,,,,,,-0.9,,,,,,,,,,,,,,,,,,,,,,,,,,0.4,-0.3,0.15,,,,0.22,0.22,0.81,,-0.26,-0.75,0.42,-0.19,,,,,,,,-0.28,,,,,,,,,,,,-0.56,,,,,,,,,,,,,,,,,,,,,,,,,,,,,,,,,,,,,,,,,,,,,,,,,,,,,,,,,,,,,,,,,,,,,,,1.65,,,,,,,,,,,,,,,,,,,
2609,UCAC4 371-007255,05:10:35.47,-15:51:38.30,-2.43,,,0.6,0.74,Mardini+2022,UCAC4 371-007255,Cohen+2013,COH13,MAR22,,,VMP,DW,Atari Disk,77.647792,-15.860639,1.0,,,MS,88.5,2013ApJ...778...56C,,15.2,15.38,14.8,,14.328,14.073,13.983,6365.0,4.4,-2.43,1.4,Abohalima,,,,,,,,5.55,3.8,5.11,,,,4.14,1.05,3.18,,2.94,2.28,5.07,2.85,3.8,,,,,,,,0.85,,,,,,,,,,,,-0.4,,,,,,,,,,,,,,,,,,,,,,,,,,,,,,,,,,,,,,,,,,,,,,,,,,,,,,,,,,,,,,,,,,,,,,,,,-0.45,,,,,,,,,,,,,,,,,,,,,,,,,,,-2.05,-2.65,-2.4,,,,-2.2,-2.1,-1.77,,-2.7,-3.15,-2.14,-2.42,,,,,,,,-2.02,,,,,,,,,,,,-2.58,,,,,,,,,,,,,,,,,,,,,,,,,,,,,,,,,,,,,,,,,,,,,,,,,,,,,,,,,,,,,,,,,,,,,,,,,-0.97,,,,,,,,,,,,,,,,,,,,,,,,,,0.38,-0.22,0.03,,,,0.23,0.33,0.66,,-0.27,-0.72,0.29,0.01,,,,,,,,0.41,,,,,,,,,,,,-0.15,,,,,,,,,,,,,,,,,,,,,,,,,,,,,,,,,,,,,,,,,,,,,,,,,,,,,,,,,,,,,,,,,,,,,,,1.46,,,,,,,,,,,,,,,,,,,
2645,HE 1424-0241,14:26:40.33,-02:54:27.49,-4.01,,0.84,0.41,3.5,Mardini+2022,HE 1424-0241,Cohen+2007,COH07,MAR22,,,UMP,DW,Atari Disk,216.668042,-2.907636,2.0,,,RG,59.8,2013ApJ...778...56C,,15.892,15.45,14.887,14.54,13.9,13.425,13.369,5195.0,2.5,-3.96,,Abohalima,,,,,,,2.32,4.03,2.35,2.59,,,,1.84,-0.95,,,1.33,1.59,3.49,1.98,2.52,,,,,,,,,,,,,,,,,,,,-2.74,,,,,,,,,,,,,,,,,,,,,,,,,,,,5.26,5.1,,,,,,,,,,,,,,,,,,,,,,,,,,-2.75,-1.46,,,,,,,,,,,,,,,,,-1.95,,,,,,,,,,,,,,,,,,,,,,,,,,-3.92,-3.57,-4.1,-4.92,,,,-4.5,-4.1,,,-4.31,-3.84,-3.01,-3.7,,,,,,,,,,,,,,,,,,,,-4.92,,,,,,,,,,,,,,,,,,,,,,,,,,,,-3.17,-2.73,,,,,,,,,,,,,,,,,,,,,,,,,,-5.62,-3.67,,,,,,,,,,,,,,,,,-2.47,,,,,,,,,,,,,,,,,,,,,,,,,0.09,0.44,-0.09,-0.91,,,,-0.49,-0.09,,,-0.3,0.17,1.0,0.31,,,,,,,,,,,,,,,,,,,,-0.91,,,,,,,,,,,,,,,,,,,,,,,,,,,,1.28,,,,,,,,,,,,,,,,,,,,,,,,,-1.61,0.34,,,,,,,,,,,,,,,,,1.54,,,,,,,,,,,,,,,,,,,
2657,UCAC4 452-052732,13:22:35.36,+00:22:32.60,-3.38,,,0.45,2.98,Mardini+2022,UCAC4 452-052732,Cohen+2013,COH13,MAR22,,,EMP,DW,Atari Disk,200.647333,0.375722,1.0,,,SG,22.0,2013ApJ...778...56C,,14.2,13.78,13.7,,12.863,12.624,12.574,6500.0,3.7,-3.38,1.9,Abohalima,,,,,,,,5.33,3.71,4.72,,,,3.99,0.56,2.64,,2.8,2.18,4.84,2.62,3.54,,,,,,,,-0.35,,,,,,,,,,,,-1.22,,,,,,,,,,,,,,,,,,,,,,,,,,,,,,,,,,,,,,,,,,,,,,,,,,,,,,,,,,,,,,,,,,,,,,,,,-0.72,,,,,,,,,,,,,,,,,,,,,,,,,,,-2.27,-2.74,-2.79,,,,-2.35,-2.59,-2.31,,-2.84,-3.25,-2.37,-2.68,,,,,,,,-3.22,,,,,,,,,,,,-3.4,,,,,,,,,,,,,,,,,,,,,,,,,,,,,,,,,,,,,,,,,,,,,,,,,,,,,,,,,,,,,,,,,,,,,,,,,-1.24,,,,,,,,,,,,,,,,,,,,,,,,,,0.39,-0.08,-0.13,,,,0.31,0.07,0.35,,-0.18,-0.59,0.29,-0.02,,,,,,,,-0.56,,,,,,,,,,,,-0.74,,,,,,,,,,,,,,,,,,,,,,,,,,,,,,,,,,,,,,,,,,,,,,,,,,,,,,,,,,,,,,,,,,,,,,,1.42,,,,,,,,,,,,,,,,,,,
2665,HE 1300+0157,13:02:56.24,+01:41:52.12,-3.78,1.24,,0.26,2.8,Mardini+2022,HE 1300+0157,Frebel+2007a,FRE7a,MAR22,,NO,EMP,DW,Atari Disk,195.734333,1.697811,2.0,,,RG,73.4,2013ApJ...778...56C,,14.536,14.11,13.678,13.261,12.809,12.419,12.351,5450.0,3.2,-3.88,1.54,Abohalima,1.06,,5.89,,6.54,,2.44,4.1,2.04,4.5,,,,2.98,-0.37,1.77,1.15,1.51,0.89,3.72,1.8,2.61,,,,,,,,,,,,,,,,,,,,,,,,,,,,,,,,,,,,,,,,,,,,,,,,,5.12,,,,,,,,,,,,,,,,,,,,1.63,,,,,,-2.64,-0.93,-0.07,,,,,,,,,,-2.56,,,,,,,,,,,,,,,,,,,,,,,,,,0.01,,-2.54,,-2.15,,-3.8,-3.5,-4.41,-3.01,,,,-3.36,-3.52,-3.18,-2.78,-4.13,-4.54,-3.19,-3.61,,,,,,,,,,,,,,,,,,,,,,,,,,,,,,,,,,,,,,,,,,,,,,,,,-2.71,,,,,,,,,,,,,,,,,,,,-2.93,,,,,,-5.51,-3.14,-2.65,,,,,,,,,,-4.74,,,,,,,,,,,,,,,,,,,,,,,,,,3.79,,,1.63,,-0.02,0.28,-0.63,0.77,,,,0.42,0.26,0.6,1.0,-0.35,-0.76,0.59,0.17,,,,,,,,,,,,,,,,,,,,,,,,,,,,,,,,,,,,,,,,,,,,,,,,1.07,,,,,,,,,,,,,,,,,,,0.85,,,,,,-1.73,0.64,1.13,,,,,,,,,,-0.96,,,,,,,,,,,,,,,,,,,,,,,,,
5731,2MASS J14355850-0719265,14:35:58.50,-07:19:26.50,-2.99,-0.4,,0.45,3.02,Mardini+2022,2MASS J14355850-0719265,Ezzeddine+2020,EZZ20,MAR22,,,VMP,DW,Atari Disk,218.99375,-7.324028,1.0,,,,,,,,12.877,,,,,,4617.0,1.25,-2.99,2.15,Mardini,,,5.04,,7.74,,4.31,6.13,,5.97,,,3.95,4.72,1.56,3.37,2.55,3.94,3.59,4.51,3.73,4.35,,2.83,,,,,,-0.12,,,,,,,,,,,,-0.91,,,,,,-2.27,,,,,,,,,,,,,,,,,,,,,,,,,,,,,,,,,,,,,,,,,,,,,,,,,,,,,,,,,,,,,,,,,,,,,,,,,,,,,,,,,,,,,,,,,-3.39,,-0.95,,-1.93,-1.47,,-1.54,,,-1.08,-1.62,-1.59,-1.58,-1.38,-1.7,-1.84,-1.26,-1.87,,-1.73,,,,,,-2.99,,,,,,,,,,,,-3.09,,,,,,-2.79,,,,,,,,,,,,,,,,,,,,,,,,,,,,,,,,,,,,,,,,,,,,,,,,,,,,,,,,,,,,,,,,,,,,,,,,,,,,,,,,,,,,,,,,,,2.04,,1.06,1.52,,1.45,,,1.91,1.37,1.4,1.41,1.61,1.29,1.15,1.73,1.12,,1.26,,,,,,0.0,,,,,,,,,,,,-0.1,,,,,,0.2,,,,,,,,,,,,,,,,,,,,,,,,,,,,,,,,,,,,,,,,,,,,,,,,,,,,,,,,,,,,,,,,,,,,,,,,,,,,,,,,,,,,
5755,2MASS J18284356-8441346,18:28:43.44,-84:41:34.81,-2.03,-0.39,,0.32,3.19,Mardini+2022,2MASS J18284356-8441346,Ezzeddine+2020,EZZ20,MAR22,,,VMP,DW,Atari Disk,277.181,-84.693003,1.0,,,,,,,,11.527,,,,,,4648.0,2.95,-2.03,1.8,Mardini,,,6.01,,8.49,,5.41,6.94,,7.42,,,4.46,5.56,2.79,4.15,,4.77,4.6,5.47,,5.2,,3.64,,,,,,1.55,,,,,,,,,,,,1.46,,,,,,-0.3,,,,,,,,,,,,,,,,,,,,,,,,,,,,,,,,,,,,,,,,,,,,,,,,,,,,,,,,,,,,,,,,,,,,,,,,,,,,,,,,,,,,,,,,,-2.42,,-0.2,,-0.83,-0.66,,-0.09,,,-0.57,-0.78,-0.36,-0.8,,-0.87,-0.83,,-1.02,,-0.92,,,,,,-1.32,,,,,,,,,,,,-0.72,,,,,,-0.82,,,,,,,,,,,,,,,,,,,,,,,,,,,,,,,,,,,,,,,,,,,,,,,,,,,,,,,,,,,,,,,,,,,,,,,,,,,,,,,,,,,,,,,,,,1.83,,1.2,1.37,,1.94,,,1.46,1.25,1.67,1.23,,1.16,1.2,,1.01,,1.11,,,,,,0.71,,,,,,,,,,,,1.31,,,,,,1.21,,,,,,,,,,,,,,,,,,,,,,,,,,,,,,,,,,,,,,,,,,,,,,,,,,,,,,,,,,,,,,,,,,,,,,,,,,,,,,,,,,,,
5759,2MASS J18361214-7333443,18:36:12.12,-73:33:44.17,-2.61,0.1,,0.48,2.13,Mardini+2022,2MASS J18361214-7333443,Ezzeddine+2020,EZZ20,MAR22,,,VMP,DW,Atari Disk,279.0505,-73.562269,1.0,,alpha,,,,,,11.798,,,,,,4756.0,1.4,-2.61,2.15,Mardini,,,5.92,,,,3.88,5.57,3.35,5.39,,,2.89,4.1,0.72,2.63,1.67,3.38,2.61,4.89,2.61,3.73,,2.38,,,,,,-0.03,,,,,,,,,,,,-0.83,,,,,,-2.39,,,,,,,,,,,,,,,,,,,,,,,,,,,,,,,,,,,,,,,,,,,,,,,,,,,,,,,,,,,,,,,,,,,,,,,,,,,,,,,,,,,,,,,,,-2.51,,,,-2.36,-2.03,-3.1,-2.12,,,-2.14,-2.24,-2.43,-2.32,-2.26,-2.26,-2.82,-2.38,-2.49,,-2.18,,,,,,-2.9,,,,,,,,,,,,-3.01,,,,,,-2.91,,,,,,,,,,,,,,,,,,,,,,,,,,,,,,,,,,,,,,,,,,,,,,,,,,,,,,,,,,,,,,,,,,,,,,,,,,,,,,,,,,,,,,,,,,,,0.25,0.58,-0.49,0.49,,,0.47,0.37,0.18,0.29,0.35,0.35,-0.21,0.23,0.12,,0.43,,,,,,-0.29,,,,,,,,,,,,-0.4,,,,,,-0.3,,,,,,,,,,,,,,,,,,,,,,,,,,,,,,,,,,,,,,,,,,,,,,,,,,,,,,,,,,,,,,,,,,,,,,,,,,,,,,,,,,,,
5760,2MASS J18405985-4841353,18:40:59.85,-48:41:35.30,-2.58,0.6,,0.48,1.5,Mardini+2022,2MASS J18405985-4841353,Ezzeddine+2020,EZZ20,MAR22,,,VMP,DW,Atari Disk,280.249375,-48.693139,1.0,,,,,,,,13.004,,,,,,4792.0,1.4,-2.58,1.8,Mardini,,,6.45,,,,3.78,5.18,3.12,5.28,,,2.66,3.84,0.23,2.27,1.14,2.77,2.97,4.92,2.19,3.3,,1.94,,,,,,0.55,,,,,,,,,,,,-0.85,,,,,,-2.16,,,,,,,,,,,,,,,,,,,,,,,,,,,,,,,,,,,,,,,,,,,,,,,,,,,,,,,,,,,,,,,,,,,,,,,,,,,,,,,,,,,,,,,,,-1.98,,,,-2.46,-2.42,-3.33,-2.23,,,-2.37,-2.5,-2.92,-2.68,-2.79,-2.87,-2.46,-2.8,-2.92,,-2.62,,,,,,-2.32,,,,,,,,,,,,-3.03,,,,,,-2.68,,,,,,,,,,,,,,,,,,,,,,,,,,,,,,,,,,,,,,,,,,,,,,,,,,,,,,,,,,,,,,,,,,,,,,,,,,,,,,,,,,,,,,,,,,,,0.12,0.16,-0.75,0.35,,,0.21,0.08,-0.34,-0.1,-0.21,-0.29,0.12,-0.22,-0.34,,-0.04,,,,,,0.26,,,,,,,,,,,,-0.45,,,,,,-0.1,,,,,,,,,,,,,,,,,,,,,,,,,,,,,,,,,,,,,,,,,,,,,,,,,,,,,,,,,,,,,,,,,,,,,,,,,,,,,,,,,,,,
5803,HD119516,13:43:26.70,+15:34:31.10,-2.16,,,0.52,1.07,Mardini+2022,HD119516,For+2010,FOR10,MAR22,,,VMP,DW,Atari Disk,205.86125,15.575306,1.0,,,,,,,9.52,9.13,,,7.771,7.431,7.366,5400.0,1.73,-2.16,2.2,Mardini,,,,,,,4.62,5.72,3.47,5.75,,,,4.44,0.93,3.02,,3.3,2.97,5.34,2.82,4.02,,2.45,,,,,,0.81,-0.31,0.72,,,,,,,,,,0.34,-0.94,,,,,-1.19,,,,,,,,,,,,,,,,,,,,,,,,,,,,,,,,,,,,,,,,,,,,,,,,,,,,,,,,,,,,,,,,,,,,,,,,,,,,,,,,,,,,,,,,,,,,,-1.62,-1.88,-2.98,-1.76,,,,-1.9,-2.22,-1.93,,-2.34,-2.46,-2.17,-2.2,,-2.11,,,,,,-2.06,-2.52,-1.86,,,,,,,,,,-1.84,-2.04,,,,,-1.71,,,,,,,,,,,,,,,,,,,,,,,,,,,,,,,,,,,,,,,,,,,,,,,,,,,,,,,,,,,,,,,,,,,,,,,,,,,,,,,,,,,,,,,,,,,,0.54,0.28,-0.82,0.4,,,,0.26,-0.06,0.23,,-0.18,-0.3,-0.01,-0.04,,0.05,,,,,,0.1,-0.36,0.3,,,,,,,,,,0.32,0.12,,,,,0.45,,,,,,,,,,,,,,,,,,,,,,,,,,,,,,,,,,,,,,,,,,,,,,,,,,,,,,,,,,,,,,,,,,,,,,,,,,,,,,,,,,,,
5922,2MASS J16103106+1003055,16:10:31.10,+10:03:05.60,-2.43,0.53,,0.23,2.49,Mardini+2022,2MASS J16103106+1003055,Hansen+2018,HAN18,MAR22,,,VMP,DW,Atari Disk,242.629583,10.051556,1.0,,,,,,,,12.8,,,,,,5370.0,2.6,-2.43,2.05,Mardini,,,6.53,,,,,,,,,,,,,,,,,5.07,,,,,,,,,,0.25,,,,,,,,,,,,-1.35,,,,,,-1.21,,,,,,,,,,,,,,,,,,,,,,,,,,,,,,,,,,,,,,,,,,,,,,,,,,,,,,,,,,,,,,,,,,,,,,,,,,,,,,,,,,,,,,,,,-1.9,,,,,,,,,,,,,,,,,,,,,,,,,,-2.62,,,,,,,,,,,,-3.53,,,,,,-1.73,,,,,,,,,,,,,,,,,,,,,,,,,,,,,,,,,,,,,,,,,,,,,,,,,,,,,,,,,,,,,,,,,,,,,,,,,,,,,,,,,,,,,,,,,,,,,,,,,,,,,,,,,,,,,,,,,,-0.19,,,,,,,,,,,,-1.1,,,,,,0.7,,,,,,,,,,,,,,,,,,,,,,,,,,,,,,,,,,,,,,,,,,,,,,,,,,,,,,,,,,,,,,,,,,,,,,,,,,,,,,,,,,,,
5938,2MASS J18362318-6428124,18:36:23.20,-64:28:12.50,-2.57,0.1,,0.24,1.37,Mardini+2022,2MASS J18362318-6428124,Hansen+2018,HAN18,MAR22,,,VMP,DW,Atari Disk,279.096667,-64.470139,1.0,,,,,,,,12.5,,,,,,4896.0,1.8,-2.57,1.95,Mardini,,,5.96,,,,,,,,,,,,,,,,,4.93,,,,,,,,,,-0.33,,,,,,,,,,,,-0.21,,,,,,-1.48,,,,,,,,,,,,,,,,,,,,,,,,,,,,,,,,,,,,,,,,,,,,,,,,,,,,,,,,,,,,,,,,,,,,,,,,,,,,,,,,,,,,,,,,,-2.47,,,,,,,,,,,,,,,,,,,,,,,,,,-3.2,,,,,,,,,,,,-2.39,,,,,,-2.0,,,,,,,,,,,,,,,,,,,,,,,,,,,,,,,,,,,,,,,,,,,,,,,,,,,,,,,,,,,,,,,,,,,,,,,,,,,,,,,,,,,,,,,,,,,,,,,,,,,,,,,,,,,,,,,,,,-0.63,,,,,,,,,,,,0.18,,,,,,0.57,,,,,,,,,,,,,,,,,,,,,,,,,,,,,,,,,,,,,,,,,,,,,,,,,,,,,,,,,,,,,,,,,,,,,,,,,,,,,,,,,,,,
5942,2MASS J19161821-5544454,19:16:18.20,-55:44:45.40,-2.35,-0.8,,0.49,2.37,Mardini+2022,2MASS J19161821-5544454,Hansen+2018,HAN18,MAR22,,,VMP,DW,Atari Disk,289.075833,-55.745944,1.0,,,,,,,,11.5,,,,,,4450.0,0.65,-2.35,2.5,Mardini,,,5.28,,,,,,,,,,,,,,,,,5.15,,,,,,,,,,1,,,,,,,,,,,,-0.29,,,,,,-0.75,,,,,,,,,,,,,,,,,,,,,,,,,,,,,,,,,,,,,,,,,,,,,,,,,,,,,,,,,,,,,,,,,,,,,,,,,,,,,,,,,,,,,,,,,-3.15,,,,,,,,,,,,,,,,,,,,,,,,,,-1.87,,,,,,,,,,,,-2.47,,,,,,-1.27,,,,,,,,,,,,,,,,,,,,,,,,,,,,,,,,,,,,,,,,,,,,,,,,,,,,,,,,,,,,,,,,,,,,,,,,,,,,,,,,,,,,,,,,,,,,,,,,,,,,,,,,,,,,,,,,,,0.48,,,,,,,,,,,,-0.12,,,,,,1.08,,,,,,,,,,,,,,,,,,,,,,,,,,,,,,,,,,,,,,,,,,,,,,,,,,,,,,,,,,,,,,,,,,,,,,,,,,,,,,,,,,,,
5976,2MASS J22021636-0536483,22:02:16.36,-05:36:48.40,-2.75,0.05,,0.58,3.34,Mardini+2022,2MASS J22021636-0536483,Hansen+2018,HAN18,MAR22,,,VMP,DW,Atari Disk,330.568167,-5.613444,1.0,,,,,,,,12.4,,,,,,4668.0,0.93,-2.75,2.57,Mardini,,,5.73,,,,,,,,,,,,,,,,,4.75,,,,,,,,,,0.27,,,,,,,,,,,,-1.32,,,,,,-2.35,,,,,,,,,,,,,,,,,,,,,,,,,,,,,,,,,,,,,,,,,,,,,,,,,,,,,,,,,,,,,,,,,,,,,,,,,,,,,,,,,,,,,,,,,-2.7,,,,,,,,,,,,,,,,,,,,,,,,,,-2.6,,,,,,,,,,,,-3.5,,,,,,-2.87,,,,,,,,,,,,,,,,,,,,,,,,,,,,,,,,,,,,,,,,,,,,,,,,,,,,,,,,,,,,,,,,,,,,,,,,,,,,,,,,,,,,,,,,,,,,,,,,,,,,,,,,,,,,,,,,,,0.15,,,,,,,,,,,,-0.75,,,,,,-0.12,,,,,,,,,,,,,,,,,,,,,,,,,,,,,,,,,,,,,,,,,,,,,,,,,,,,,,,,,,,,,,,,,,,,,,,,,,,,,,,,,,,,
6133,2MASS J02215557-5410143,02:21:55.60,-54:10:14.40,-2.09,0.0,,0.33,3.16,Mardini+2022,2MASS J02215557-5410143,Holmbeck+2020,HOL20,MAR22,,,VMP,DW,Atari Disk,35.481667,-54.170667,1.0,,,,,,,,10.4,,,,,,5842.0,3.53,-2.09,1.54,Mardini,,,6.34,,,,,,,,,,,,,,,,,5.41,,,,,,,,,,1,,,,,,,,,,,,0.51,,,,,,-0.77,,,,,,,,,,,,,,,,,,,,,,,,,,,,,,,,,,,,,,,,,,,,,,,,,,,,,,,,,,,,,,,,,,,,,,,,,,,,,,,,,,,,,,,,,-2.09,,,,,,,,,,,,,,,,,,,,,,,,,,-1.87,,,,,,,,,,,,-1.67,,,,,,-1.29,,,,,,,,,,,,,,,,,,,,,,,,,,,,,,,,,,,,,,,,,,,,,,,,,,,,,,,,,,,,,,,,,,,,,,,,,,,,,,,,,,,,,,,,,,,,,,,,,,,,,,,,,,,,,,,,,,0.22,,,,,,,,,,,,0.42,,,,,,0.8,,,,,,,,,,,,,,,,,,,,,,,,,,,,,,,,,,,,,,,,,,,,,,,,,,,,,,,,,,,,,,,,,,,,,,,,,,,,,,,,,,,,
6145,2MASS J04014897-3757533,04:01:49.00,-37:57:53.40,-2.28,-0.3,,0.52,2.61,Mardini+2022,2MASS J04014897-3757533,Holmbeck+2020,HOL20,MAR22,,,VMP,DW,Atari Disk,60.454167,-37.964833,1.0,,,,,,,,11.6,,,,,,4797.0,1.02,-2.28,2.32,Mardini,,,5.85,,,,,,,,,,,,,,,,,5.22,,,,,,,,,,0.66,,,,,,,,,,,,0.07,,,,,,-1.58,,,,,,,,,,,,,,,,,,,,,,,,,,,,,,,,,,,,,,,,,,,,,,,,,,,,,,,,,,,,,,,,,,,,,,,,,,,,,,,,,,,,,,,,,-2.58,,,,,,,,,,,,,,,,,,,,,,,,,,-2.21,,,,,,,,,,,,-2.11,,,,,,-2.1,,,,,,,,,,,,,,,,,,,,,,,,,,,,,,,,,,,,,,,,,,,,,,,,,,,,,,,,,,,,,,,,,,,,,,,,,,,,,,,,,,,,,,,,,,,,,,,,,,,,,,,,,,,,,,,,,,0.07,,,,,,,,,,,,0.17,,,,,,0.18,,,,,,,,,,,,,,,,,,,,,,,,,,,,,,,,,,,,,,,,,,,,,,,,,,,,,,,,,,,,,,,,,,,,,,,,,,,,,,,,,,,,
6193,2MASS J09471921-4127042,09:47:19.20,-41:27:04.00,-2.67,-0.42,,0.35,2.4,Mardini+2022,2MASS J09471921-4127042,Holmbeck+2020,HOL20,MAR22,,,VMP,DW,Atari Disk,146.83,-41.451111,1.0,,,,,,,,7.9,,,,,,4680.0,0.83,-2.67,2.39,Mardini,,,5.34,,,,,,,,,,,,,,,,,4.83,,,,,,,,,,-1.37,,,,,,,,,,,,-1.38,,,,,,-2.6,,,,,,,,,,,,,,,,,,,,,,,,,,,,,,,,,,,,,,,,,,,,,,,,,,,,,,,,,,,,,,,,,,,,,,,,,,,,,,,,,,,,,,,,,-3.09,,,,,,,,,,,,,,,,,,,,,,,,,,-4.24,,,,,,,,,,,,-3.56,,,,,,-3.12,,,,,,,,,,,,,,,,,,,,,,,,,,,,,,,,,,,,,,,,,,,,,,,,,,,,,,,,,,,,,,,,,,,,,,,,,,,,,,,,,,,,,,,,,,,,,,,,,,,,,,,,,,,,,,,,,,-1.57,,,,,,,,,,,,-0.89,,,,,,-0.45,,,,,,,,,,,,,,,,,,,,,,,,,,,,,,,,,,,,,,,,,,,,,,,,,,,,,,,,,,,,,,,,,,,,,,,,,,,,,,,,,,,,
6262,2MASS J15023852-4602066,15:02:38.50,-46:02:06.60,-2.23,-0.16,,0.3,0.97,Mardini+2022,2MASS J15023852-4602066,Holmbeck+2020,HOL20,MAR22,,,VMP,DW,Atari Disk,225.660417,-46.035167,1.0,,,,,,,,11.1,,,,,,4806.0,1.66,-2.23,2.09,Mardini,,,6.04,,,,,,,,,,,,,,,,,5.27,,,,,,,,,,0.38,,,,,,,,,,,,-0.66,,,,,,-1.87,,,,,,,,,,,,,,,,,,,,,,,,,,,,,,,,,,,,,,,,,,,,,,,,,,,,,,,,,,,,,,,,,,,,,,,,,,,,,,,,,,,,,,,,,-2.39,,,,,,,,,,,,,,,,,,,,,,,,,,-2.49,,,,,,,,,,,,-2.84,,,,,,-2.39,,,,,,,,,,,,,,,,,,,,,,,,,,,,,,,,,,,,,,,,,,,,,,,,,,,,,,,,,,,,,,,,,,,,,,,,,,,,,,,,,,,,,,,,,,,,,,,,,,,,,,,,,,,,,,,,,,-0.26,,,,,,,,,,,,-0.61,,,,,,-0.16,,,,,,,,,,,,,,,,,,,,,,,,,,,,,,,,,,,,,,,,,,,,,,,,,,,,,,,,,,,,,,,,,,,,,,,,,,,,,,,,,,,,
6539,HD23798,03:46:45.72,-30:51:13.32,-2.22,,,0.54,0.83,Mardini+2022,HD23798,Navarrete+2015,NAV15,MAR22,,,VMP,DW,Atari Disk,56.6905,-30.8537,2.0,,,,88.88,,,,,,,,,,4396.0,0.64,-2.22,,Mardini,,,,,7.14,,4.18,5.89,4.34,,,,,4.47,,,,,,5.28,,,,,,,,,,,,,,,,,,,,,,-0.35,,,,,,,,,,,,,,,,,,,,,,,,,,,,,,,,,,,,,,,,,,,,,,,,,,,,,,,,,,,,,,,,,,,,,,,,,,,,,,,,,,,,,,,,,,,,,,,,,-1.55,,-2.06,-1.71,-2.11,,,,,-1.87,,,,,,,,,,,,,,,,,,,,,,,,,,,-2.53,,,,,,,,,,,,,,,,,,,,,,,,,,,,,,,,,,,,,,,,,,,,,,,,,,,,,,,,,,,,,,,,,,,,,,,,,,,,,,,,,,,,,,,,,,,,,,,,0.67,,0.16,0.51,0.11,,,,,0.35,,,,,,,,,,,,,,,,,,,,,,,,,,,-0.31,,,,,,,,,,,,,,,,,,,,,,,,,,,,,,,,,,,,,,,,,,,,,,,,,,,,,,,,,,,,,,,,,,,,,,,,,,,,,,,,,,,,,,,,,,
7582,2MASS J09294972-2905589,09:29:49.74,-29:05:59.20,-2.32,0.11,,0.46,0.92,Mardini+2022,2MASS J09294972-2905589,Sakari+2018,SAK18,MAR22,,,VMP,DW,Atari Disk,142.45725,-29.099778,1.0,,,,125.2,,,,,,,,,,4737.0,0.96,-2.32,1.74,Mardini,,,6.22,,,,,5.51,,,,,3.17,4.36,0.8,2.87,3.75,3.54,2.7,5.18,2.31,3.8,,2.29,,,,,,0.19,-0.48,,,,,,,,,,,-0.51,,,,,,-1.66,,,,,,,,,,,,,,,,,,,,,,,,,,,,,,,,,,,,,,,,,,,,,,,,,,,,,,,,,,,,,,,,,,,,,,,,,,,,,,,,,,,,,,,,,-2.21,,,,,-2.09,,,,,-1.86,-1.98,-2.35,-2.08,-0.18,-2.1,-2.73,-2.68,-2.42,,-2.27,,,,,,-2.68,-2.69,,,,,,,,,,,-2.69,,,,,,-2.18,,,,,,,,,,,,,,,,,,,,,,,,,,,,,,,,,,,,,,,,,,,,,,,,,,,,,,,,,,,,,,,,,,,,,,,,,,,,,,,,,,,,,,,,,,,,,0.23,,,,,0.46,0.34,-0.03,0.24,2.14,0.22,-0.41,-0.36,-0.1,,0.05,,,,,,-0.36,-0.37,,,,,,,,,,,-0.37,,,,,,0.14,,,,,,,,,,,,,,,,,,,,,,,,,,,,,,,,,,,,,,,,,,,,,,,,,,,,,,,,,,,,,,,,,,,,,,,,,,,,,,,,,,,,
7603,2MASS J11580127-1522179,11:58:01.28,-15:22:18.00,-2.41,0.62,,0.38,3.62,Mardini+2022,2MASS J11580127-1522179,Sakari+2018,SAK18,MAR22,,,VMP,DW,Atari Disk,179.505333,-15.371667,1.0,,,,16.6,,,,,,,,,,4981.0,1.47,-2.41,1.71,Mardini,,,6.64,,,,,5.39,,6.59,,,2.88,4.12,0.16,2.82,3.12,3.99,,5.09,2.89,3.88,,,,,,,,0.09,-0.42,,,,,,,,,,,-1.3,,,,,,-1.74,,,,,,,,,,,,,,,,,,,,,,,,,,,,,,,,,,,,,,,,,,,,,,,,,,,,,,,,,,,,,,,,,,,,,,,,,,,,,,,,,,,,,,,,,-1.79,,,,,-2.21,,-0.92,,,-2.15,-2.22,-2.99,-2.13,-0.81,-1.65,,-2.1,-2.34,,,,,,,,-2.78,-2.63,,,,,,,,,,,-3.48,,,,,,-2.26,,,,,,,,,,,,,,,,,,,,,,,,,,,,,,,,,,,,,,,,,,,,,,,,,,,,,,,,,,,,,,,,,,,,,,,,,,,,,,,,,,,,,,,,,,,,,0.2,,1.49,,,0.26,0.19,-0.58,0.28,1.6,0.76,,0.31,0.07,,,,,,,,-0.37,-0.22,,,,,,,,,,,-1.07,,,,,,0.15,,,,,,,,,,,,,,,,,,,,,,,,,,,,,,,,,,,,,,,,,,,,,,,,,,,,,,,,,,,,,,,,,,,,,,,,,,,,,,,,,,,,
7627,2MASS J14101587-0343553,14:10:15.84,-03:43:55.20,-2.06,-0.09,,0.71,1.17,Mardini+2022,2MASS J14101587-0343553,Sakari+2018,SAK18,MAR22,,,VMP,DW,Atari Disk,212.566,-3.732,1.0,,,,71.3,,,,,,,,,,4931.0,2.0,-2.06,1.65,Mardini,,,6.28,,,,,5.83,,5.84,,,3.19,4.57,1.04,3.04,1.78,3.76,2.88,5.44,2.9,4.07,,2.48,,,,,,0.66,-0.08,0.67,,,,,,,,,,0,-0.76,-0.33,,-0.34,,-0.87,,,,,,,,,,,,,,,,,,-1.59,,,,,,,,,,,,,,,,,,,,,,,,,,,,,,,,,,,,,,,,,,,,,,,,,,,,,,,,,,,,,,,,,,,,,,,-2.15,,,,,-1.77,,-1.67,,,-1.84,-1.77,-2.11,-1.91,-2.15,-1.88,-2.55,-2.09,-2.15,,-2.08,,,,,,-2.21,-2.29,-1.91,,,,,,,,,,-2.18,-1.86,-1.91,,-1.76,,-1.39,,,,,,,,,,,,,,,,,,-1.61,,,,,,,,,,,,,,,,,,,,,,,,,,,,,,,,,,,,,,,,,,,,,,,,,,,,,,,,,,,,,,,,,,,,,,,,,,,0.29,,0.39,,,0.22,0.29,-0.05,0.15,-0.09,0.18,-0.49,-0.03,-0.09,,-0.02,,,,,,-0.15,-0.23,0.15,,,,,,,,,,-0.12,0.2,0.15,,0.3,,0.67,,,,,,,,,,,,,,,,,,0.45,,,,,,,,,,,,,,,,,,,,,,,,,,,,,,,,,,,,,,,,,,,,,,,,,,,,,,,,,,,,,,,,,,
7643,2MASS J15542729+0021368,15:54:27.29,+00:21:36.90,-2.18,0.42,,0.51,0.88,Mardini+2022,2MASS J15542729+0021368,Sakari+2018,SAK18,MAR22,,,VMP,DW,Atari Disk,238.613708,0.36025,1.0,,,,-45.3,,,,,,,,,,5210.0,1.24,-2.18,1.48,Mardini,,,6.67,,,,,6.02,,6.06,,,3.39,4.76,0.96,3.35,3.28,3.49,2.8,5.32,2.96,4.07,,2.48,,,,,,0.88,-0.36,0.29,,,,,,,,,,-0.26,-1.34,,,-1.07,,-1.75,,,,,,,,,,,,,,,,,,,,,,,,,,,,,,,,,,,,,,,,,,,,,,,,,,,,,,,,,,,,,,,,,,,,,,,,,,,,,,,,,,,,,,,,,-1.76,,,,,-1.58,,-1.45,,,-1.64,-1.58,-2.19,-1.6,-0.65,-2.15,-2.63,-2.03,-2.15,,-2.08,,,,,,-1.99,-2.57,-2.29,,,,,,,,,,-2.44,-2.44,,,-2.49,,-2.27,,,,,,,,,,,,,,,,,,,,,,,,,,,,,,,,,,,,,,,,,,,,,,,,,,,,,,,,,,,,,,,,,,,,,,,,,,,,,,,,,,,,,,,,,,,,,0.6,,0.73,,,0.54,0.6,-0.01,0.58,1.53,0.03,-0.45,0.15,0.03,,0.1,,,,,,0.19,-0.39,-0.11,,,,,,,,,,-0.26,-0.26,,,-0.31,,-0.09,,,,,,,,,,,,,,,,,,,,,,,,,,,,,,,,,,,,,,,,,,,,,,,,,,,,,,,,,,,,,,,,,,,,,,,,,,,,,,,,,,,,
7653,2MASS J16285613-1014576,16:28:56.15,-10:14:57.10,-2.0,0.24,,0.43,0.58,Mardini+2022,2MASS J16285613-1014576,Sakari+2018,SAK18,MAR22,,,VMP,DW,Atari Disk,247.233958,-10.249194,1.0,,alpha,,61.0,,,,,,,,,,4955.0,1.31,-2.0,2.19,Mardini,,,6.67,,,,4.29,6.05,,6.03,,,3.45,4.68,1.1,3.22,2.84,3.75,3.01,5.5,2.94,4.15,,2.51,,,,,,0.61,-0.08,0.66,,,,,,,,,,0.16,-0.88,-0.25,-0.92,-0.52,-0.75,-1.12,,,,,,,,,,,0.05,,,,,,,,,,,,,,,,,,,,,,,,,,,,,,,,,,,,,,,,,,,,,,,,,,,,,,,,,,,,,,,,,,,,,,,,,,,,,,-1.76,,,,-1.95,-1.55,,-1.48,,,-1.58,-1.66,-2.05,-1.73,-1.09,-1.89,-2.42,-2.05,-2.07,,-2.05,,,,,,-2.26,-2.29,-1.92,,,,,,,,,,-2.02,-1.98,-1.83,-1.64,-1.94,-1.71,-1.64,,,,,,,,,,,-1.35,,,,,,,,,,,,,,,,,,,,,,,,,,,,,,,,,,,,,,,,,,,,,,,,,,,,,,,,,,,,,,,,,,,,,,,,,,,,,,,,,0.05,0.45,,0.52,,,0.42,0.34,-0.05,0.27,0.91,0.11,-0.42,-0.05,-0.07,,-0.05,,,,,,-0.26,-0.29,0.08,,,,,,,,,,-0.02,0.02,0.17,0.36,0.06,0.29,0.36,,,,,,,,,,,0.65,,,,,,,,,,,,,,,,,,,,,,,,,,,,,,,,,,,,,,,,,,,,,,,,,,,,,,,,,,,,,,,,,,,,,,,,,
