Name,Tel,Obs,Exp,Obs.Y,Obs.M,Obs.D,Obs.h,Obs.s,HJD,RVel
BPS CS 22166-016,Magellan-Clay/MIKE,GWP,1600,2004,Aug,12,10,19,2453229.934,-210.0
BPS CS 22169-008,Magellan-Clay/MIKE,IBT,4000,2004,Sep,23,08,55,2453271.874,+184.2
BPS CS 22169-035,Magellan-Baade/MIKE,GWP,1400,2003,Jan,18,04,22,2452657.684,+15.4
BPS CS 22169-035,Magellan-Baade/MIKE,GWP,2400,2003,Jan,20,02,05,2452659.589,+14.1
BPS CS 22169-035,Magellan-Clay/MIKE,GWP,1700,2007,Aug,24,09,56,2454336.914,+14.1
BPS CS 22171-031,Magellan-Clay/MIKE,GWP,2800,2008,Sep,10,07,59,2454719.837,+38.8
BPS CS 22171-037,Magellan-Clay/MIKE,IBT,7200,2003,Nov,01,05,53,2452944.750,-261.4
BPS CS 22171-037,Magellan-Clay/MIKE,IUR,7200,2012,Aug,26,06,12,2456165.762,-261.1
BPS CS 22172-029,Magellan-Clay/MIKE,GWP,4000,2008,Sep,10,09,20,2454719.892,-57.4
BPS CS 22172-029,Magellan-Clay/MIKE,GWP,3600,2008,Sep,11,08,06,2454720.840,-57.5
BPS CS 22174-020,Magellan-Clay/MIKE,GWP,3300,2005,Aug,20,06,38,2453602.780,+127.7
BPS CS 22174-020,Magellan-Clay/MIKE,GWP,1800,2005,Aug,21,08,19,2453603.850,+127.3
BPS CS 22177-009,Magellan-Baade/MIKE,GWP,3600,2003,Jan,15,04,09,2452654.675,-208.0
BPS CS 22177-009,Magellan-Clay/MIKE,GWP,3200,2007,Aug,21,08,54,2454333.871,-208.1
BPS CS 22177-010,Magellan-Baade/MIKE,GWP,2000,2003,Jan,18,03,22,2452657.642,+111.0
BPS CS 22177-010,Magellan-Baade/MIKE,GWP,3600,2003,Jan,19,04,05,2452658.672,+111.9
BPS CS 22177-010,Magellan-Clay/MIKE,GWP,4000,2008,Sep,12,07,27,2454721.812,+106.8
BPS CS 22180-014,Magellan-Clay/MIKE,GWP,2000,2008,Sep,10,07,15,2454719.807,+43.9
BPS CS 22182-033,Magellan-Clay/MIKE,GWP,7200,2003,Oct,12,07,36,2452924.820,+247.5
BPS CS 22182-047,Magellan-Clay/MIKE,GWP,1400,2008,Sep,11,08,53,2454720.872,+39.3
BPS CS 22183-031,Magellan-Clay/MIKE,GWP,1400,2006,Aug,03,10,23,2453950.935,+23.1
BPS CS 22185-007,Magellan-Clay/MIKE,IUR,2000,2012,Aug,27,08,03,2456166.837,+102.0
BPS CS 22186-002,Magellan-Baade/MIKE,GWP,2200,2003,Jan,20,02,43,2452659.614,+341.8
BPS CS 22186-002,Magellan-Clay/MIKE,GWP,2400,2005,Aug,20,08,49,2453602.868,+341.8
BPS CS 22186-017,Magellan-Baade/MIKE,GWP,3000,2003,Jan,16,02,46,2452655.617,+303.2
BPS CS 22186-017,Magellan-Clay/MIKE,GWP,2000,2007,Aug,24,09,20,2454336.889,+303.3
BPS CS 22186-023,Magellan-Baade/MIKE,GWP,2000,2003,Jan,20,03,29,2452659.646,+52.0
BPS CS 22186-023,Magellan-Clay/MIKE,GWP,2400,2005,Aug,20,09,42,2453602.905,+52.0
BPS CS 22189-009,Magellan-Clay/MIKE,IBT,3000,2004,Sep,26,08,13,2453274.847,-20.4
BPS CS 22191-029,Magellan-Baade/MIKE,GWP,3600,2003,Jan,16,03,50,2452655.661,+76.1
BPS CS 22191-029,Magellan-Clay/MIKE,GWP,3200,2008,Sep,12,09,32,2454721.898,+76.4
BPS CS 22871-104,Magellan-Baade/MIKE,GWP,3600,2003,Jun,12,03,01,2452802.631,-135.4
BPS CS 22872-102,Magellan-Clay/MIKE,GWP,1800,2006,Aug,04,01,05,2453951.547,-59.1
BPS CS 22873-072,Magellan-Baade/MIKE,SAS,4000,2003,Jun,25,05,25,2452815.730,-83.5
BPS CS 22873-072,Magellan-Clay/MIKE,IBT,1800,2009,May,16,09,34,2454967.901,-84.4
BPS CS 22873-128,Magellan-Clay/MIKE,GWP,1400,2006,Aug,03,01,49,2453950.580,+205.7
BPS CS 22874-123,Magellan-Clay/MIKE,SAS,4000,2003,Jul,19,00,51,2452839.538,+105.0
BPS CS 22875-029,Magellan-Baade/MIKE,GWP,3600,2003,Jun,12,09,59,2452802.918,+73.1
BPS CS 22875-029,Magellan-Clay/MIKE,GWP,3600,2003,Oct,12,04,25,2452924.687,+72.7
BPS CS 22876-040,Magellan-Clay/MIKE,IBT,5800,2009,Jul,26,07,17,2455038.807,-189.9
BPS CS 22877-001,Magellan-Baade/MIKE,GWP,1000,2003,Jan,14,06,58,2452653.790,+169.8
BPS CS 22877-001,Magellan-Baade/MIKE,GWP,1600,2003,Jan,15,07,52,2452654.828,+167.0
BPS CS 22877-001,Magellan-Baade/MIKE,GWP,1200,2003,Jan,20,08,31,2452659.856,+166.6
BPS CS 22877-001,Magellan-Clay/MIKE,GWP,1800,2006,Aug,02,23,07,2453950.461,+166.7
BPS CS 22877-011,Magellan-Baade/MIKE,GWP,2100,2003,Jan,16,08,36,2452655.859,+230.3
BPS CS 22877-011,Magellan-Baade/MIKE,GWP,4000,2003,Jan,17,08,16,2452656.845,+230.2
BPS CS 22877-011,Magellan-Clay/MIKE,GWP,2400,2006,Aug,03,23,19,2453951.469,+230.5
BPS CS 22877-011,Magellan-Clay/MIKE,SAS,3600,2010,Jul,24,23,37,2455402.483,+230.7
BPS CS 22877-015,Magellan-Baade/MIKE,GWP,2400,2003,Jan,14,07,43,2452653.822,+86.2
BPS CS 22877-015,Magellan-Baade/MIKE,GWP,1800,2003,Jan,16,07,50,2452655.827,+85.1
BPS CS 22877-051,Magellan-Baade/MIKE,GWP,3600,2003,Jan,18,08,27,2452657.852,+291.2
BPS CS 22877-051,Magellan-Baade/MIKE,GWP,4000,2003,Jan,20,07,49,2452659.826,+291.8
BPS CS 22877-051,Magellan-Clay/MIKE,GWP,2400,2006,Aug,04,00,12,2453951.507,+292.0
BPS CS 22878-002,Magellan-Clay/MIKE,SAS,3600,2003,Jul,20,02,27,2452840.605,-190.2
BPS CS 22878-002,Magellan-Clay/MIKE,SAS,3200,2003,Jul,21,02,31,2452841.608,-190.0
BPS CS 22878-027,Magellan-Baade/MIKE,SAS,3600,2003,Jun,22,04,07,2452812.676,-91.1
BPS CS 22878-027,Magellan-Baade/MIKE,SAS,3600,2003,Jun,23,03,15,2452813.640,-91.2
BPS CS 22878-101,Magellan-Clay/MIKE,GWP,2400,2006,Aug,05,23,59,2453953.501,-128.8
BPS CS 22879-012,Magellan-Clay/MIKE,GWP,2600,2004,Jun,28,04,19,2453184.685,-50.4
BPS CS 22879-012,Magellan-Clay/MIKE,GWP,3600,2004,Jun,28,05,51,2453184.749,-50.3
BPS CS 22879-029,Magellan-Clay/MIKE,GWP,7200,2005,Aug,24,01,34,2453606.570,-93.6
BPS CS 22879-029,Magellan-Clay/MIKE,IBT,1350,2006,Jun,03,09,49,2453889.913,-167.3
BPS CS 22879-029,Magellan-Clay/MIKE,IBT,1200,2006,Jul,19,06,49,2453935.790,-94.2
BPS CS 22879-029,Magellan-Clay/MIKE,IBT,1500,2007,Aug,04,04,40,2454316.700,-139.5
BPS CS 22879-029,Magellan-Clay/MIKE,IBT,1200,2009,Jul,25,05,48,2455037.747,-102.5
BPS CS 22879-029,Magellan-Clay/MIKE,IBT,1200,2009,Jul,26,04,11,2455038.680,-114.5
BPS CS 22879-029,Magellan-Clay/MIKE,GWP,800,2009,Sep,04,23,43,2455079.492,-171.5
BPS CS 22879-029,Magellan-Clay/MIKE,GWP,1200,2009,Sep,05,23,43,2455080.492,-176.9
BPS CS 22879-051,Magellan-Clay/MIKE,GWP,2000,2005,Aug,20,05,11,2453602.721,-43.0
BPS CS 22879-094,Magellan-Clay/MIKE,GWP,6400,2005,Aug,25,00,18,2453607.517,+47.6
BPS CS 22879-097,Magellan-Baade/MIKE,SAS,7200,2003,May,23,07,45,2452782.825,+26.4
BPS CS 22879-103,Magellan-Baade/MIKE,GWP,4400,2003,Jun,15,06,56,2452805.793,-30.9
BPS CS 22879-103,Magellan-Clay/MIKE,GWP,4200,2003,Oct,12,01,53,2452924.580,-31.0
BPS CS 22880-067,Magellan-Clay/MIKE,SAS,4800,2003,Jul,20,06,42,2452840.785,-183.0
BPS CS 22880-086,Magellan-Baade/MIKE,SAS,7200,2003,Jun,22,07,58,2452812.837,-112.2
BPS CS 22881-032,Magellan-Clay/MIKE,IBT,3500,2007,Aug,05,04,11,2454317.679,-29.3
BPS CS 22881-036,Magellan-Clay/MIKE,GWP,800,2007,Aug,21,05,25,2454333.731,+43.3
BPS CS 22881-036,Magellan-Clay/MIKE,IBT,2400,2009,Oct,25,00,24,2455129.518,+42.7
BPS CS 22881-039,Magellan-Baade/MIKE,GWP,8000,2003,Jun,12,08,09,2452802.842,+94.0
BPS CS 22881-039,Magellan-Clay/MIKE,GWP,6000,2003,Oct,09,03,03,2452921.630,+79.1
BPS CS 22881-070,Magellan-Clay/MIKE,IBT,3600,2006,Jul,19,07,50,2453935.831,-115.9
BPS CS 22882-001,Magellan-Baade/MIKE,GWP,4800,2003,Jun,15,09,24,2452805.892,+26.9
BPS CS 22882-001,Magellan-Clay/MIKE,GWP,6000,2003,Oct,09,06,05,2452921.758,+26.1
BPS CS 22882-006,Magellan-Clay/MIKE,GWP,3000,2008,Sep,10,06,26,2454719.773,-81.5
BPS CS 22882-012,Magellan-Clay/MIKE,SAS,7200,2010,Jul,23,08,22,2455400.852,-0.2
BPS CS 22882-030,Magellan-Clay/MIKE,SAS,3600,2010,Jul,25,08,55,2455402.875,+21.9
BPS CS 22882-030,Magellan-Clay/MIKE,SAS,4000,2010,Jul,26,07,25,2455403.812,+21.3
BPS CS 22883-037,Magellan-Baade/MIKE,SAS,7200,2003,May,23,02,55,2452782.626,-262.8
BPS CS 22883-037,Magellan-Baade/MIKE,SAS,3600,2003,May,24,03,22,2452783.645,-262.8
BPS CS 22884-020,Magellan-Baade/MIKE,GWP,4800,2003,Jun,13,01,43,2452803.577,+30.4
BPS CS 22884-020,Magellan-Baade/MIKE,GWP,2700,2003,Jun,14,01,42,2452804.576,+28.9
BPS CS 22884-020,Magellan-Clay/MIKE,IBT,3100,2009,Jul,25,00,40,2455037.530,+28.3
BPS CS 22884-033,Magellan-Baade/MIKE,SAS,3600,2003,Jun,24,02,21,2452814.602,-92.9
BPS CS 22884-033,Magellan-Clay/MIKE,IBT,1300,2009,May,16,06,13,2454967.765,-103.0
BPS CS 22884-108,Magellan-Baade/MIKE,SAS,3600,2003,Jun,24,03,32,2452814.652,-12.6
BPS CS 22885-040,Magellan-Baade/MIKE,SAS,7200,2003,Jun,26,05,52,2452816.750,+73.9
BPS CS 22885-040,Magellan-Clay/MIKE,SAS,8000,2003,Jul,18,05,20,2452838.728,+72.9
BPS CS 22885-040,Magellan-Clay/MIKE,IBT,1800,2009,May,17,08,57,2454968.876,+72.9
BPS CS 22885-096,Magellan-Clay/MIKE,GWP,2100,2006,Aug,06,02,40,2453953.616,-249.1
BPS CS 22885-203,Magellan-Clay/MIKE,GWP,2900,2008,Sep,10,00,32,2454719.526,-33.9
BPS CS 22886-003,Magellan-Clay/MIKE,GWP,3600,2007,Aug,21,04,40,2454333.700,-91.7
BPS CS 22886-003,Magellan-Clay/MIKE,GWP,1200,2009,Sep,05,03,42,2455079.660,-92.0
BPS CS 22886-012,Magellan-Clay/MIKE,GWP,3600,2008,Sep,12,02,59,2454721.630,-56.8
BPS CS 22886-012,Magellan-Clay/MIKE,GWP,1800,2009,Sep,05,03,08,2455079.636,-57.0
BPS CS 22886-013,Magellan-Clay/MIKE,GWP,2000,2005,Aug,25,05,12,2453607.722,-40.7
BPS CS 22886-044,Magellan-Clay/MIKE,GWP,3200,2008,Sep,10,02,05,2454719.592,-130.2
BPS CS 22886-044,Magellan-Clay/MIKE,IBT,2100,2009,Oct,26,02,12,2455130.595,-130.0
BPS CS 22888-002,Magellan-Clay/MIKE,IBT,3800,2006,Jul,22,08,01,2453938.838,+35.4
BPS CS 22888-014,Magellan-Clay/MIKE,IBT,3600,2007,Aug,05,06,05,2454317.758,-128.6
BPS CS 22888-014,Magellan-Clay/MIKE,IBT,3300,2009,Oct,28,00,12,2455132.511,-128.6
BPS CS 22888-031,Magellan-Clay/MIKE,IBT,3600,2004,Jul,15,09,01,2453201.880,-124.8
BPS CS 22888-031,Magellan-Clay/MIKE,IBT,4000,2004,Jul,24,09,06,2453210.884,-124.9
BPS CS 22888-047,Magellan-Baade/MIKE,GWP,4400,2003,Jun,14,09,00,2452804.876,-158.5
BPS CS 22888-047,Magellan-Clay/MIKE,GWP,6000,2003,Oct,13,05,15,2452925.723,-158.1
BPS CS 22889-050,Magellan-Baade/MIKE,SAS,3600,2003,Jun,26,01,22,2452816.559,+217.1
BPS CS 22890-011,Magellan-Baade/MIKE,SAS,3600,2003,Jun,26,02,28,2452816.606,-128.7
BPS CS 22890-011,Magellan-Clay/MIKE,IBT,1300,2009,May,16,05,23,2454967.730,-128.6
BPS CS 22890-024,Magellan-Baade/MIKE,GWP,1600,2003,Jun,13,00,40,2452803.532,+228.6
BPS CS 22890-024,Magellan-Clay/MIKE,GWP,3600,2006,Aug,02,23,43,2453950.489,+228.9
BPS CS 22890-064,Magellan-Clay/MIKE,SAS,4000,2003,Jul,21,00,55,2452841.540,-88.5
BPS CS 22891-184,Magellan-Clay/MIKE,SAS,9000,2010,Jul,25,02,12,2455402.596,+26.5
BPS CS 22891-200,Magellan-Clay/MIKE,GWP,4100,2006,Aug,06,01,05,2453953.549,+137.2
BPS CS 22891-209,Magellan-Clay/MIKE,GWP,600,2006,Aug,03,01,29,2453950.566,+80.7
BPS CS 22891-221,Magellan-Clay/MIKE,GWP,8000,2004,Jun,29,02,32,2453185.610,+35.8
BPS CS 22892-025,Magellan-Clay/MIKE,GWP,1800,2005,Aug,25,04,31,2453607.694,+170.0
BPS CS 22892-052,Magellan-Baade/MIKE,SAS,2400,2003,Jun,26,10,12,2452816.928,+12.9
BPS CS 22892-052,Magellan-Clay/MIKE,GWP,2400,2004,Jun,29,09,11,2453185.886,+13.0
BPS CS 22893-005,Magellan-Clay/MIKE,SAS,3600,2010,Jul,26,06,19,2455403.768,-68.9
BPS CS 22893-010,Magellan-Clay/MIKE,IUR,3600,2012,Aug,27,02,48,2456166.622,-51.6
BPS CS 22893-011,Magellan-Clay/MIKE,GWP,3500,2008,Sep,11,01,54,2454720.585,-115.6
BPS CS 22894-004,Magellan-Clay/MIKE,GWP,3200,2008,Sep,10,05,28,2454719.734,-4.5
BPS CS 22894-019,Magellan-Clay/MIKE,GWP,3400,2004,Aug,12,07,47,2453229.829,+30.9
BPS CS 22894-023,Magellan-Clay/MIKE,GWP,2800,2004,Aug,12,06,49,2453229.789,-328.1
BPS CS 22894-049,Magellan-Clay/MIKE,IBT,3600,2010,Sep,20,02,59,2455459.630,-5.6
BPS CS 22896-015,Magellan-Clay/MIKE,IUR,3900,2012,Aug,25,23,44,2456165.492,+53.1
BPS CS 22896-055,Magellan-Baade/MIKE,GWP,3800,2003,Jun,14,03,15,2452804.640,-72.9
BPS CS 22896-055,Magellan-Clay/MIKE,IBT,1500,2009,May,16,09,01,2454967.879,-74.0
BPS CS 22896-110,Magellan-Clay/MIKE,GWP,3600,2007,Aug,24,00,03,2454336.506,+84.1
BPS CS 22896-110,Magellan-Clay/MIKE,IBT,2700,2009,Jul,26,03,31,2455038.651,+84.5
BPS CS 22896-115,Magellan-Clay/MIKE,IBT,6000,2004,Jul,15,04,51,2453201.707,+7.1
BPS CS 22896-115,Magellan-Clay/MIKE,GWP,3000,2004,Aug,12,01,06,2453229.550,+7.0
BPS CS 22896-136,Magellan-Clay/MIKE,GWP,4000,2004,Aug,13,01,40,2453230.574,-17.2
BPS CS 22896-136,Magellan-Clay/MIKE,GWP,2900,2005,Aug,21,02,32,2453603.609,-17.6
BPS CS 22896-136,Magellan-Clay/MIKE,IBT,1200,2006,Jun,07,06,58,2453893.795,-17.2
BPS CS 22896-136,Magellan-Clay/MIKE,IBT,2000,2006,Jul,19,05,42,2453935.742,-16.4
BPS CS 22896-136,Magellan-Clay/MIKE,IBT,1200,2007,Aug,01,03,42,2454313.659,-16.9
BPS CS 22896-136,Magellan-Clay/MIKE,IBT,1800,2007,Aug,02,05,19,2454314.726,-19.8
BPS CS 22897-008,Magellan-Clay/MIKE,GWP,2900,2007,Aug,22,00,59,2454334.544,+266.5
BPS CS 22898-043,Magellan-Baade/MIKE,GWP,4000,2003,Jun,12,06,19,2452802.767,+112.7
BPS CS 22898-043,Magellan-Clay/MIKE,GWP,3600,2003,Oct,12,03,14,2452924.637,+111.8
BPS CS 22898-043,Magellan-Clay/MIKE,IBT,5400,2010,Sep,19,02,07,2455458.592,+115.2
BPS CS 22898-047,Magellan-Clay/MIKE,GWP,3600,2004,Jun,30,04,18,2453186.684,-37.8
BPS CS 22898-047,Magellan-Clay/MIKE,GWP,9300,2007,Aug,21,02,17,2454333.601,-40.3
BPS CS 22937-072,Magellan-Baade/MIKE,SAS,3600,2003,May,23,09,24,2452782.894,-143.7
BPS CS 22937-072,Magellan-Baade/MIKE,SAS,3600,2003,May,24,09,48,2452783.911,-143.9
BPS CS 22940-070,Magellan-Baade/MIKE,SAS,9000,2003,May,24,07,52,2452783.830,+78.5
BPS CS 22940-077,Magellan-Baade/MIKE,IBT,1000,2003,Apr,09,08,14,2452738.843,
BPS CS 22940-121,Magellan-Baade/MIKE,GWP,4000,2003,Jun,14,04,50,2452804.705,-13.1
BPS CS 22940-121,Magellan-Clay/MIKE,GWP,4800,2003,Oct,12,00,34,2452924.524,-13.2
BPS CS 22941-017,Magellan-Clay/MIKE,IUR,6400,2012,Aug,27,04,21,2456166.686,+106.9
BPS CS 22941-027,Magellan-Baade/MIKE,GWP,4600,2003,Jun,14,07,35,2452804.817,-93.4
BPS CS 22941-027,Magellan-Clay/MIKE,GWP,4700,2003,Oct,12,05,27,2452924.731,-93.7
BPS CS 22942-002,Magellan-Clay/MIKE,IBT,3600,2004,Sep,24,05,40,2453272.741,-160.3
BPS CS 22942-002,Magellan-Clay/MIKE,IUR,3300,2012,Aug,25,07,09,2456164.803,-160.2
BPS CS 22942-011,Magellan-Clay/MIKE,IUR,1200,2012,Aug,27,06,55,2456166.793,+10.7
BPS CS 22942-035,Magellan-Clay/MIKE,GWP,4200,2009,Sep,05,08,54,2455079.876,-94.5
BPS CS 22942-035,Magellan-Clay/MIKE,IBT,3300,2009,Oct,28,01,14,2455132.556,-94.0
BPS CS 22943-059,Magellan-Clay/MIKE,GWP,4400,2004,Aug,12,02,18,2453229.601,+239.5
BPS CS 22943-095,Magellan-Clay/MIKE,GWP,400,2006,Aug,04,01,57,2453951.586,-149.4
BPS CS 22943-132,Magellan-Clay/MIKE,GWP,1400,2006,Aug,03,02,19,2453950.602,+18.9
BPS CS 22943-137,Magellan-Baade/MIKE,SAS,3600,2003,Jun,23,05,37,2452813.739,-30.3
BPS CS 22943-137,Magellan-Clay/MIKE,IBT,1400,2009,May,15,10,10,2454966.926,-31.8
BPS CS 22943-201,Magellan-Clay/MIKE,GWP,2200,2005,Aug,21,01,26,2453603.564,+37.2
BPS CS 22943-201,Magellan-Clay/MIKE,IBT,5100,2006,Jun,12,05,54,2453898.750,+37.6
BPS CS 22943-201,Magellan-Clay/MIKE,IBT,1500,2007,Aug,03,06,22,2454315.771,+35.4
BPS CS 22943-201,Magellan-Clay/MIKE,IBT,1800,2007,Aug,04,04,04,2454316.675,+36.4
BPS CS 22944-014,Magellan-Clay/MIKE,GWP,2100,2005,Aug,21,05,09,2453603.720,-381.2
BPS CS 22944-032,Magellan-Clay/MIKE,GWP,4400,2004,Jun,30,09,51,2453186.915,+19.3
BPS CS 22944-032,Magellan-Clay/MIKE,GWP,800,2007,Aug,22,03,12,2454334.639,+18.5
BPS CS 22944-032,Magellan-Clay/MIKE,GWP,2000,2007,Aug,23,02,35,2454335.613,+19.1
BPS CS 22944-061,Magellan-Clay/MIKE,GWP,3000,2006,Aug,05,05,51,2453952.749,+157.3
BPS CS 22945-017,Magellan-Clay/MIKE,GWP,3400,2008,Sep,11,02,58,2454720.627,+101.8
BPS CS 22945-024,Magellan-Clay/MIKE,GWP,5400,2007,Aug,21,06,25,2454333.771,+148.2
BPS CS 22945-028,Magellan-Clay/MIKE,IUR,5200,2012,Aug,27,05,57,2456166.751,+389.0
BPS CS 22945-031,Magellan-Clay/MIKE,GWP,4400,2005,Aug,25,06,12,2453607.761,+196.4
BPS CS 22945-056,Magellan-Clay/MIKE,GWP,3200,2005,Aug,25,08,31,2453607.858,+222.5
BPS CS 22945-058,Magellan-Clay/MIKE,GWP,5400,2008,Sep,11,04,28,2454720.689,+23.1
BPS CS 22945-058,Magellan-Clay/MIKE,IBT,1550,2009,Jul,26,10,29,2455038.940,+23.7
BPS CS 22945-063,Magellan-Clay/MIKE,SAS,5000,2010,Jul,26,08,36,2455403.861,+167.8
BPS CS 22947-187,Magellan-Clay/MIKE,GWP,1200,2006,Aug,03,01,07,2453950.551,-251.2
BPS CS 22948-066,Magellan-Clay/MIKE,GWP,1500,2007,Aug,22,02,48,2454334.622,-171.2
BPS CS 22948-066,Magellan-Clay/MIKE,IBT,900,2009,May,15,10,32,2454966.940,-170.8
BPS CS 22948-093,Magellan-Clay/MIKE,GWP,1400,2006,Aug,03,04,07,2453950.677,+367.9
BPS CS 22948-093,Magellan-Clay/MIKE,GWP,6000,2006,Aug,04,03,10,2453951.637,+368.0
BPS CS 22948-093,Magellan-Clay/MIKE,GWP,2000,2006,Aug,06,04,41,2453953.700,+366.0
BPS CS 22948-093,Magellan-Clay/MIKE,IBT,900,2009,Oct,26,02,42,2455130.614,+360.4
BPS CS 22949-008,Magellan-Clay/MIKE,IBT,1200,2007,Aug,04,06,07,2454316.760,-135.8
BPS CS 22949-008,Magellan-Clay/MIKE,GWP,2700,2008,Sep,10,03,39,2454719.658,-151.2
BPS CS 22949-008,Magellan-Clay/MIKE,IBT,1050,2009,Jul,25,07,39,2455037.823,-147.0
BPS CS 22949-008,Magellan-Clay/MIKE,IBT,1200,2009,Jul,26,08,27,2455038.856,-147.2
BPS CS 22949-030,Magellan-Clay/MIKE,GWP,2800,2008,Sep,12,05,38,2454721.741,-85.6
BPS CS 22949-037,Magellan-Clay/MIKE,GWP,5000,2006,Aug,06,08,32,2453953.860,-125.4
BPS CS 22949-037,Magellan-Clay/MIKE,IBT,1350,2009,Jul,25,08,04,2455037.840,-125.3
BPS CS 22949-048,Magellan-Clay/MIKE,GWP,2600,2006,Aug,06,07,23,2453953.812,-160.8
BPS CS 22950-046,Magellan-Clay/MIKE,GWP,4800,2006,Aug,06,03,44,2453953.661,+108.8
BPS CS 22951-005,Magellan-Clay/MIKE,GWP,4300,2005,Aug,24,03,06,2453606.634,+232.2
BPS CS 22951-005,Magellan-Clay/MIKE,GWP,3050,2005,Aug,25,01,53,2453607.583,+231.7
BPS CS 22951-059,Magellan-Clay/MIKE,GWP,7400,2007,Aug,23,00,37,2454335.531,+88.1
BPS CS 22951-059,Magellan-Clay/MIKE,IBT,1800,2009,Jul,26,04,41,2455038.700,+88.3
BPS CS 22951-077,Magellan-Baade/MIKE,GWP,3200,2003,Jun,14,06,18,2452804.766,+109.1
BPS CS 22951-077,Magellan-Clay/MIKE,GWP,3600,2003,Oct,13,02,20,2452925.599,+108.7
BPS CS 22952-015,Magellan-Clay/MIKE,GWP,1800,2006,Aug,04,09,06,2453951.884,-17.9
BPS CS 22953-003,Magellan-Clay/MIKE,GWP,2000,2006,Aug,03,09,46,2453950.910,+208.3
BPS CS 22953-037,Magellan-Clay/MIKE,IBT,3600,2003,Nov,02,04,00,2452945.668,-162.9
BPS CS 22953-037,Magellan-Clay/MIKE,IUR,4000,2012,Aug,26,04,32,2456165.692,-162.2
BPS CS 22954-004,Magellan-Clay/MIKE,IBT,2400,2004,Sep,26,07,23,2453274.812,-10.5
BPS CS 22954-015,Magellan-Clay/MIKE,GWP,1400,2008,Sep,10,08,40,2454719.865,-50.0
BPS CS 22955-110,Magellan-Clay/MIKE,GWP,1800,2004,Jun,29,04,03,2453185.674,+4.1
BPS CS 22955-174,Magellan-Baade/MIKE,GWP,4400,2003,Jun,12,04,42,2452802.700,-9.2
BPS CS 22955-174,Magellan-Clay/MIKE,GWP,6000,2003,Oct,09,01,27,2452921.563,-9.7
BPS CS 22955-174,Magellan-Clay/MIKE,IBT,4400,2010,Sep,17,23,18,2455457.475,-9.1
BPS CS 22956-015,Magellan-Clay/MIKE,GWP,2000,2005,Aug,21,06,33,2453603.776,-33.6
BPS CS 22956-021,Magellan-Clay/MIKE,GWP,3600,2006,Aug,05,04,48,2453952.704,+40.0
BPS CS 22956-050,Magellan-Clay/MIKE,GWP,3700,2007,Aug,21,03,27,2454333.647,+0.1
BPS CS 22956-050,Magellan-Clay/MIKE,GWP,1900,2009,Sep,05,01,17,2455079.556,+0.4
BPS CS 22956-062,Magellan-Clay/MIKE,GWP,3600,2008,Sep,11,00,48,2454720.536,+187.9
BPS CS 22956-062,Magellan-Clay/MIKE,GWP,3600,2008,Sep,12,02,26,2454721.604,+187.9
BPS CS 22956-081,Magellan-Clay/MIKE,GWP,7200,2007,Aug,23,03,32,2454335.651,+244.4
BPS CS 22956-081,Magellan-Clay/MIKE,GWP,2900,2009,Sep,05,02,02,2455079.588,+244.9
BPS CS 22956-102,Magellan-Clay/MIKE,GWP,5400,2008,Sep,12,04,21,2454721.684,+14.4
BPS CS 22956-102,Magellan-Clay/MIKE,GWP,5300,2009,Sep,05,06,10,2455079.760,+22.4
BPS CS 22956-106,Magellan-Clay/MIKE,GWP,1800,2007,Aug,23,05,26,2454335.730,+205.8
BPS CS 22956-106,Magellan-Clay/MIKE,GWP,2000,2007,Aug,24,05,59,2454336.753,+208.1
BPS CS 22956-106,Magellan-Clay/MIKE,IBT,2400,2009,Oct,25,01,59,2455129.583,+207.4
BPS CS 22956-110,Magellan-Clay/MIKE,GWP,8000,2006,Aug,04,07,34,2453951.819,-86.1
BPS CS 22956-114,Magellan-Clay/MIKE,IUR,2800,2012,Aug,25,04,19,2456164.683,-37.5
BPS CS 22956-114,Magellan-Clay/MIKE,IUR,1200,2012,Aug,26,02,37,2456165.612,-37.6
BPS CS 22957-013,Magellan-Clay/MIKE,IUR,2800,2012,Aug,25,06,14,2456164.765,-214.4
BPS CS 22957-019,Magellan-Clay/MIKE,GWP,1770,2006,Aug,02,07,52,2453949.832,-33.1
BPS CS 22957-019,Magellan-Clay/MIKE,IBT,2400,2009,Oct,25,03,12,2455129.638,-33.3
BPS CS 22957-019,Magellan-Clay/MIKE,IBT,3400,2010,Sep,20,01,58,2455459.588,-32.7
BPS CS 22957-022,Magellan-Clay/MIKE,GWP,1200,2006,Aug,04,09,36,2453951.904,-31.6
BPS CS 22957-024,Magellan-Clay/MIKE,GWP,6300,2004,Aug,10,08,37,2453227.864,-67.9
BPS CS 22957-024,Magellan-Clay/MIKE,GWP,3000,2004,Aug,12,08,45,2453229.869,-67.0
BPS CS 22957-026,Magellan-Clay/MIKE,GWP,1200,2008,Sep,09,06,00,2454718.756,-19.0
BPS CS 22957-026,Magellan-Clay/MIKE,IBT,700,2009,Jul,25,10,33,2455037.943,-18.8
BPS CS 22957-027,Magellan-Clay/MIKE,GWP,1000,2008,Sep,11,06,13,2454720.765,-74.8
BPS CS 22957-036,Magellan-Clay/MIKE,GWP,3600,2008,Sep,11,06,57,2454720.795,-154.5
BPS CS 22958-037,Magellan-Clay/MIKE,GWP,3600,2005,Aug,21,09,29,2453603.898,+209.5
BPS CS 22958-041,Magellan-Clay/MIKE,IBT,7200,2003,Nov,03,06,01,2452946.752,-76.3
BPS CS 22958-042,Magellan-Baade/MIKE,GWP,4800,2003,Jan,16,01,30,2452655.561,+165.2
BPS CS 22958-042,Magellan-Baade/MIKE,GWP,2400,2003,Jan,17,01,10,2452656.547,+165.7
BPS CS 22958-042,Magellan-Baade/MIKE,GWP,2400,2003,Jan,19,01,14,2452658.550,+165.6
BPS CS 22958-052,Magellan-Clay/MIKE,IBT,3000,2004,Sep,26,09,12,2453274.886,+88.9
BPS CS 22958-065,Magellan-Clay/MIKE,GWP,3600,2007,Aug,21,07,48,2454333.828,+105.8
BPS CS 22958-074,Magellan-Clay/MIKE,GWP,3000,2005,Aug,21,07,22,2453603.810,+319.8
BPS CS 22958-083,Magellan-Clay/MIKE,GWP,7200,2003,Oct,09,08,05,2452921.839,+174.8
BPS CS 22959-074,Magellan-Baade/MIKE,SAS,4000,2003,Jun,24,04,44,2452814.702,-135.2
BPS CS 22959-074,Magellan-Clay/MIKE,IBT,1300,2009,May,15,09,12,2454966.887,-136.7
BPS CS 22959-139,Magellan-Baade/MIKE,SAS,4000,2003,Jun,25,04,14,2452815.681,-27.0
BPS CS 22959-139,Magellan-Clay/MIKE,IBT,1400,2009,May,15,09,40,2454966.906,-27.0
BPS CS 22960-010,Magellan-Clay/MIKE,GWP,4000,2004,Jun,28,10,09,2453184.927,+47.0
BPS CS 22960-010,Magellan-Clay/MIKE,IBT,5100,2006,Jun,07,08,59,2453893.877,+47.4
BPS CS 22960-029,Magellan-Clay/MIKE,GWP,3800,2004,Aug,13,06,43,2453230.785,+43.2
BPS CS 22960-029,Magellan-Clay/MIKE,IBT,3600,2006,Jun,06,09,02,2453892.879,+43.2
BPS CS 22960-029,Magellan-Clay/MIKE,IBT,1800,2006,Jun,07,07,51,2453893.830,+42.6
BPS CS 22960-048,Magellan-Baade/MIKE,SAS,3600,2003,Jun,22,09,43,2452812.908,-88.4
BPS CS 22960-048,Magellan-Baade/MIKE,SAS,4000,2003,Jun,24,08,44,2452814.867,-89.0
BPS CS 22960-048,Magellan-Clay/MIKE,IBT,1800,2009,Jul,26,08,58,2455038.878,-88.4
BPS CS 22960-053,Magellan-Clay/MIKE,SAS,4000,2003,Jul,18,08,19,2452838.851,+284.0
BPS CS 22960-053,Magellan-Clay/MIKE,SAS,4000,2003,Jul,19,08,06,2452839.842,+284.3
BPS CS 22960-064,Magellan-Clay/MIKE,IBT,3000,2006,Jul,22,06,58,2453938.795,-86.4
BPS CS 22963-004,Magellan-Baade/MIKE,GWP,3000,2003,Jan,17,02,00,2452656.585,+294.6
BPS CS 22963-004,Magellan-Baade/MIKE,GWP,6000,2003,Jan,18,01,48,2452657.576,+295.3
BPS CS 22963-004,Magellan-Baade/MIKE,GWP,3600,2009,Sep,05,07,42,2455079.824,+293.3
BPS CS 22964-115,Magellan-Clay/MIKE,GWP,3600,2005,Aug,20,04,17,2453602.683,-220.4
BPS CS 22964-115,Magellan-Clay/MIKE,IBT,1300,2009,May,17,09,05,2454968.882,-220.7
BPS CS 22964-176,Magellan-Clay/MIKE,IBT,3600,2005,May,26,08,29,2453516.857,-60.6
BPS CS 22964-176,Magellan-Clay/MIKE,IBT,3600,2005,May,27,08,05,2453517.840,-60.5
BPS CS 22964-183,Magellan-Clay/MIKE,GWP,3400,2004,Aug,13,02,47,2453230.621,+80.8
BPS CS 22964-214,Magellan-Clay/MIKE,GWP,2000,2006,Aug,06,01,59,2453953.588,+41.2
BPS CS 22965-016,Magellan-Clay/MIKE,GWP,3600,2008,Sep,12,00,44,2454721.536,-89.9
BPS CS 22965-016,Magellan-Clay/MIKE,GWP,4200,2009,Sep,05,00,24,2455079.522,-89.7
BPS CS 22965-054,Magellan-Clay/MIKE,GWP,7200,2007,Aug,24,04,31,2454336.694,-282.4
BPS CS 22965-054,Magellan-Clay/MIKE,IBT,3800,2009,Oct,27,01,32,2455131.567,-281.4
BPS CS 22968-001,Magellan-Clay/MIKE,GWP,8000,2003,Oct,13,07,20,2452925.808,+121.5
BPS CS 22968-014,Magellan-Clay/MIKE,IBT,3600,2004,Sep,25,09,11,2453273.885,+159.0
BPS CS 22968-026,Magellan-Clay/MIKE,IBT,3600,2004,Sep,23,07,44,2453271.824,+79.5
BPS CS 22968-029,Magellan-Baade/MIKE,GWP,4000,2003,Jan,15,02,54,2452654.620,+83.6
BPS CS 22968-029,Magellan-Clay/MIKE,GWP,3600,2008,Sep,12,07,23,2454721.810,+83.5
BPS CS 29493-023,Magellan-Clay/MIKE,GWP,3000,2005,Aug,25,03,02,2453607.632,+45.2
BPS CS 29493-050,Magellan-Clay/MIKE,GWP,2200,2005,Aug,25,03,51,2453607.666,-89.7
BPS CS 29493-062,Magellan-Clay/MIKE,IBT,3300,2006,Jun,06,08,28,2453892.855,+5.9
BPS CS 29493-094,Magellan-Clay/MIKE,GWP,3600,2006,Aug,04,04,42,2453951.701,-206.9
BPS CS 29495-005,Magellan-Clay/MIKE,GWP,4000,2006,Aug,03,03,14,2453950.640,-144.6
BPS CS 29495-042,Magellan-Clay/MIKE,GWP,2000,2007,Aug,22,01,59,2454334.588,-94.8
BPS CS 29497-030,Magellan-Clay/MIKE,IBT,200,2004,Jun,22,09,50,2453178.910,+48.9
BPS CS 29497-030,Magellan-Clay/MIKE,GWP,900,2005,Aug,21,10,05,2453603.925,+45.5
BPS CS 29498-043,Magellan-Clay/MIKE,IUR,6000,2013,Apr,22,08,54,2456404.870,-32.3
BPS CS 29498-043,Magellan-Clay/MIKE,IUR,3300,2013,Apr,23,09,20,2456405.888,-32.3
BPS CS 29499-003,Magellan-Clay/MIKE,IBT,3600,2007,Aug,04,07,28,2454316.816,-82.4
BPS CS 29499-058,Magellan-Clay/MIKE,IBT,3000,2006,Jul,21,08,23,2453937.853,+151.6
BPS CS 29499-060,Magellan-Clay/MIKE,GWP,2400,2004,Aug,12,09,38,2453229.906,-56.8
BPS CS 29501-032,Magellan-Clay/MIKE,GWP,3300,2005,Aug,21,03,23,2453603.646,-138.0
BPS CS 29502-092,Magellan-Clay/MIKE,IBT,1800,2009,Oct,26,01,32,2455130.567,-66.6
BPS CS 29504-004,Magellan-Clay/MIKE,IBT,3000,2009,Jul,26,09,47,2455038.910,+63.9
BPS CS 29504-006,Magellan-Clay/MIKE,IBT,7200,2003,Nov,02,05,41,2452945.740,-87.3
BPS CS 29506-007,Magellan-Clay/MIKE,GWP,2800,2005,Aug,21,04,22,2453603.688,+56.9
BPS CS 29506-090,Magellan-Clay/MIKE,IBT,1800,2004,Jun,20,06,12,2453176.762,-19.6
BPS CS 29506-090,Magellan-Clay/MIKE,IBT,3600,2004,Jun,24,09,43,2453180.909,-21.2
BPS CS 29509-027,Magellan-Clay/MIKE,GWP,1800,2004,Jun,29,09,52,2453185.912,+73.8
BPS CS 29509-027,Magellan-Clay/MIKE,GWP,180,2005,Aug,21,10,11,2453603.929,+74.4
BPS CS 29512-073,Magellan-Clay/MIKE,GWP,3000,2008,Sep,10,04,33,2454719.695,-75.5
BPS CS 29512-073,Magellan-Clay/MIKE,IBT,1200,2009,Oct,25,02,34,2455129.610,-74.7
BPS CS 29513-003,Magellan-Clay/MIKE,IBT,2200,2007,Aug,02,08,19,2454314.851,-111.2
BPS CS 29513-014,Magellan-Clay/MIKE,IUR,2200,2012,Aug,25,05,05,2456164.717,+38.7
BPS CS 29513-015,Magellan-Clay/MIKE,IBT,3200,2006,Jul,22,09,25,2453938.897,+53.5
BPS CS 29513-031,Magellan-Clay/MIKE,IBT,5400,2006,Jul,19,09,11,2453935.887,+295.7
BPS CS 29513-031,Magellan-Clay/MIKE,IBT,1200,2009,Jul,04,09,44,2455016.909,+283.8
BPS CS 29513-031,Magellan-Clay/MIKE,IBT,1200,2009,Jul,25,06,14,2455037.764,+283.6
BPS CS 29513-031,Magellan-Clay/MIKE,IBT,1200,2009,Oct,28,01,58,2455132.584,+284.1
BPS CS 29513-032,Magellan-Clay/MIKE,IBT,3800,2009,Jul,25,09,04,2455037.882,-215.8
BPS CS 29513-032,Magellan-Clay/MIKE,IBT,600,2009,Oct,26,03,27,2455130.646,-215.4
BPS CS 29514-007,Magellan-Clay/MIKE,IBT,3600,2003,Nov,02,02,37,2452945.613,+40.7
BPS CS 29514-017,Magellan-Clay/MIKE,IUR,2000,2012,Aug,27,07,27,2456166.815,-14.1
BPS CS 29514-018,Magellan-Clay/MIKE,GWP,1800,2006,Aug,04,08,30,2453951.857,+74.8
BPS CS 29514-037,Magellan-Clay/MIKE,GWP,4600,2004,Aug,13,09,47,2453230.911,-2.8
BPS CS 29517-018,Magellan-Clay/MIKE,IBT,3600,2006,Jul,21,09,24,2453937.895,+143.0
BPS CS 29517-042,Magellan-Clay/MIKE,GWP,3200,2006,Aug,03,08,55,2453950.876,-21.5
BPS CS 29529-054,Magellan-Baade/MIKE,GWP,3600,2003,Jan,17,03,27,2452656.643,+113.3
BPS CS 29529-054,Magellan-Baade/MIKE,GWP,6000,2003,Jan,20,01,08,2452659.547,+112.9
BPS CS 29529-054,Magellan-Clay/MIKE,GWP,1900,2009,Sep,05,09,59,2455079.917,+113.4
BPS CS 30312-044,Magellan-Clay/MIKE,SAS,3600,2003,Jul,20,01,21,2452840.559,+100.1
BPS CS 30312-059,Magellan-Clay/MIKE,GWP,2400,2006,Aug,03,00,29,2453950.521,-156.3
BPS CS 30312-062,Magellan-Clay/MIKE,GWP,4000,2004,Jun,30,02,16,2453186.598,+51.6
BPS CS 30312-100,Magellan-Clay/MIKE,GWP,2000,2006,Aug,05,23,16,2453953.470,-108.3
BPS CS 30314-067,Magellan-Clay/MIKE,IUR,1800,2013,Apr,21,09,34,2456403.898,+145.6
BPS CS 30339-015,Magellan-Clay/MIKE,IBT,5400,2004,Sep,24,04,10,2453272.678,+101.7
BPS CS 30339-046,Magellan-Clay/MIKE,GWP,5100,2007,Aug,22,08,12,2454334.846,-27.0
BPS CS 30339-046,Magellan-Clay/MIKE,GWP,7200,2007,Aug,24,07,51,2454336.832,-38.8
BPS CS 30339-046,Magellan-Clay/MIKE,IBT,1200,2009,Jul,25,09,51,2455037.914,+9.1
BPS CS 30339-046,Magellan-Clay/MIKE,IBT,600,2009,Oct,28,05,56,2455132.750,-25.5
BPS CS 30339-052,Magellan-Clay/MIKE,SAS,11600,2010,Jul,24,07,08,2455401.800,+31.1
BPS CS 30339-069,Magellan-Clay/MIKE,SAS,4000,2003,Jul,20,09,54,2452840.915,+31.0
BPS CS 30339-073,Magellan-Clay/MIKE,SAS,4000,2003,Jul,18,08,59,2452838.877,+163.2
BPS CS 30339-073,Magellan-Clay/MIKE,SAS,4000,2003,Jul,19,08,45,2452839.867,+163.3
BPS CS 30492-001,Magellan-Clay/MIKE,GWP,1650,2008,Sep,10,01,18,2454719.558,-116.2
BPS CS 30492-016,Magellan-Clay/MIKE,GWP,2600,2005,Aug,20,05,55,2453602.752,+67.7
BPS CS 30492-016,Magellan-Clay/MIKE,IUR,3600,2012,Aug,25,03,21,2456164.644,+68.0
BPS CS 30492-110,Magellan-Clay/MIKE,GWP,7100,2007,Aug,24,02,20,2454336.602,+44.8
BPS CS 30492-110,Magellan-Clay/MIKE,IBT,3100,2009,Jul,25,06,25,2455037.780,+45.0
BPS CS 30493-071,Magellan-Clay/MIKE,IBT,2000,2007,Aug,04,08,22,2454316.853,-6.6
BPS CS 30494-003,Magellan-Clay/MIKE,IUR,800,2012,Aug,25,07,48,2456164.826,-47.0
BPS CS 31082-001,Magellan-Clay/MIKE,SAS,1800,2003,Jul,19,10,27,2452839.937,+138.9
BD-20 6008,Magellan-Clay/MIKE,GWP,550,2009,Sep,05,05,45,2455079.744,+23.0
BD-18 5550,McDonald-Smith/Tull,IUR,3900,2009,May,07,10,34,2454958.942,-125.9
BD-18 5550,McDonald-Smith/Tull,IUR,3900,2009,May,08,10,42,2454959.948,-126.2
BD-15 5781,Magellan-Clay/MIKE,IBT,720,2009,Oct,24,23,48,2455129.492,-75.4
BD-01 2582,McDonald-Smith/Tull,IUR,5400,2009,Mar,06,06,25,2454896.773,+2.2
BD-01 2582,McDonald-Smith/Tull,IUR,2700,2009,Jun,12,03,24,2454994.642,+1.8
BD+10 2495,McDonald-Smith/Tull,IUR,5600,2009,May,06,06,23,2454957.771,+250.8
BD+10 2495,McDonald-Smith/Tull,IUR,3600,2009,Jun,10,04,31,2454992.690,+250.8
BD+19 1185A,McDonald-Smith/Tull,IUR,4500,2008,Oct,31,09,42,2454770.908,-191.6
BD+24 1676,McDonald-Smith/Tull,IUR,7200,2008,Oct,30,11,05,2454769.963,-236.7
BD+24 1676,McDonald-Smith/Tull,IUR,3600,2008,Nov,01,10,47,2454771.951,-238.1
BD+24 1676,McDonald-Smith/Tull,IUR,7200,2008,Nov,02,11,13,2454772.969,-237.9
BD+24 1676,McDonald-Smith/Tull,IUR,7200,2008,Nov,03,11,43,2454773.990,-237.6
BD+26 3578,McDonald-Smith/Tull,IUR,4500,2008,Oct,30,01,30,2454769.562,-126.4
BD+29 2356,McDonald-Smith/Tull,IUR,5400,2009,Jun,11,05,45,2454993.741,-207.3
BD+44 493,McDonald-Smith/Tull,IUR,7200,2008,Aug,14,10,56,2454692.956,-149.7
BD+44 493,McDonald-Smith/Tull,IUR,3600,2008,Nov,04,09,01,2454774.881,-150.0
BD+80 245,McDonald-Smith/Tull,IUR,7200,2009,May,06,03,25,2454957.641,+5.2
CD-38 245,Magellan-Baade/MIKE,SAS,800,2003,Jun,24,10,33,2452814.940,+46.1
CD-38 245,Magellan-Clay/MIKE,IBT,480,2004,Sep,24,07,22,2453272.811,+46.2
CD-36 1052,Magellan-Clay/MIKE,IBT,1200,2009,Jul,04,10,12,2455016.924,+304.7
CD-30 298,Magellan-Clay/MIKE,IBT,360,2009,Jul,25,10,45,2455037.951,+28.2
CD-24 1782,Magellan-Clay/MIKE,IBT,180,2009,Jul,26,10,48,2455038.949,+101.3
G004-036,McDonald-Smith/Tull,IUR,7200,2008,Oct,30,07,15,2454769.808,+222.3
G004-036,McDonald-Smith/Tull,IUR,5400,2008,Nov,01,07,58,2454771.838,+221.5
G004-036,McDonald-Smith/Tull,IUR,7200,2008,Nov,04,06,45,2454774.787,+221.6
G004-037,McDonald-Smith/Tull,IUR,5400,2008,Oct,31,07,51,2454770.833,-107.7
G004-037,McDonald-Smith/Tull,IUR,5400,2008,Nov,02,08,13,2454772.848,-108.7
G004-037,McDonald-Smith/Tull,IUR,7200,2008,Nov,03,06,45,2454773.787,-106.9
G009-027,McDonald-HET/HRS,IUR,1900,2008,Dec,12,08,36,2454812.862,+181.4
G010-054,McDonald-HET/HRS,IUR,2700,2009,Jan,11,10,07,2454842.924,+58.9
G015-010,Magellan-Clay/MIKE,IBT,1200,2009,Feb,21,09,43,2454883.906,+90.0
G015-010,McDonald-HET/HRS,IUR,1100,2009,Mar,16,10,59,2454906.961,+89.3
G015-010,Magellan-Clay/MIKE,IBT,2100,2009,May,16,05,48,2454967.747,+90.1
G016-025,McDonald-HET/HRS,IUR,3000,2008,May,27,08,39,2454613.866,+24.0
G016-025,McDonald-HET/HRS,IUR,3000,2008,Jun,04,07,59,2454621.838,+23.4
G025-022,McDonald-HET/HRS,IUR,3200,2008,Nov,04,03,59,2454774.667,-150.8
G025-024,McDonald-Smith/Tull,IUR,1200,2008,Sep,07,04,45,2454716.703,+43.7
G025-024,McDonald-HET/HRS,IUR,3300,2008,Oct,19,03,56,2454758.666,+44.2
G026-001,McDonald-Smith/Tull,IUR,5400,2008,Sep,05,05,14,2454714.723,+12.1
G026-001,McDonald-Smith/Tull,IUR,8400,2009,Jun,12,09,57,2454994.918,+2.0
G026-001,McDonald-Smith/Tull,IUR,6000,2009,Jun,13,09,59,2454995.919,+2.0
G064-012,Magellan-Clay/MIKE,IBT,1200,2009,Feb,19,09,31,2454881.900,+442.7
G071-055,McDonald-Smith/Tull,IUR,5400,2008,Oct,31,04,10,2454770.679,-30.6
G071-055,McDonald-Smith/Tull,IUR,5400,2008,Oct,31,05,53,2454770.751,-31.3
G071-055,McDonald-Smith/Tull,IUR,5400,2008,Nov,04,04,49,2454774.706,-31.4
G075-056,McDonald-HET/HRS,IUR,2100,2008,Nov,07,06,55,2454777.793,+24.1
G088-023,McDonald-HET/HRS,IUR,2100,2008,Nov,03,09,31,2454773.899,-199.5
G090-003,McDonald-Smith/Tull,IUR,7200,2008,Oct,31,11,18,2454770.973,+29.7
G090-003,McDonald-Smith/Tull,IUR,3600,2008,Nov,03,10,03,2454773.921,+29.7
G090-003,McDonald-Smith/Tull,IUR,6400,2008,Nov,04,11,07,2454774.965,+29.5
G090-003,McDonald-Smith/Tull,IUR,5400,2009,Feb,19,01,59,2454881.587,+29.6
G090-025,McDonald-Smith/Tull,IUR,1500,2008,Nov,01,12,14,2454772.011,-234.3
G090-025,McDonald-Smith/Tull,IUR,1800,2009,Feb,18,04,23,2454880.687,-234.0
G107-050,McDonald-HET/HRS,IUR,1500,2008,Oct,13,09,52,2454752.912,+148.7
G115-049,McDonald-HET/HRS,IUR,1400,2009,Jan,09,11,45,2454840.995,-65.2
G122-069,McDonald-HET/HRS,IUR,1900,2008,Dec,12,11,52,2454812.995,-100.9
G126-062,McDonald-Smith/Tull,IUR,2100,2008,Sep,08,03,33,2454717.653,-290.3
G126-062,McDonald-Smith/Tull,IUR,4800,2008,Nov,03,01,26,2454773.562,-292.8
G137-086,McDonald-HET/HRS,IUR,3200,2008,Jun,13,07,44,2454630.827,-83.3
G137-086,McDonald-HET/HRS,IUR,2600,2008,Jun,14,07,56,2454631.835,-83.3
G137-086,McDonald-HET/HRS,IUR,2600,2008,Jun,24,07,09,2454641.802,-84.2
G146-056,McDonald-HET/HRS,IUR,4500,2009,Jan,02,08,49,2454833.871,-104.5
G146-076,McDonald-Smith/Tull,IUR,5400,2009,Feb,18,09,32,2454880.902,-114.1
G146-076,McDonald-Smith/Tull,IUR,7200,2009,Feb,19,08,24,2454881.855,-114.0
G146-076,McDonald-Smith/Tull,IUR,5400,2009,May,07,05,24,2454958.726,-114.2
G153-064,McDonald-Smith/Tull,IUR,7800,2009,May,06,09,25,2454957.898,+114.5
G153-064,McDonald-Smith/Tull,IUR,9000,2009,May,07,08,31,2454958.860,+114.1
G153-064,McDonald-Smith/Tull,IUR,3600,2009,May,08,09,30,2454959.901,+114.2
G153-064,McDonald-Smith/Tull,IUR,7200,2009,Jun,12,05,42,2454994.743,+113.8
G161-073,McDonald-Smith/Tull,IUR,7200,2009,Feb,19,03,44,2454881.661,+121.3
G161-073,McDonald-Smith/Tull,IUR,7200,2009,Feb,19,06,00,2454881.755,+121.0
G166-047,McDonald-HET/HRS,IUR,1900,2009,Jan,17,11,30,2454848.979,-66.2
G170-047,McDonald-Smith/Tull,IUR,4000,2008,Aug,14,04,44,2454692.699,-283.7
G170-047,McDonald-Smith/Tull,IUR,2400,2009,Mar,06,12,21,2454897.014,-283.1
G170-047,McDonald-Smith/Tull,IUR,3600,2009,Mar,09,12,15,2454900.010,-283.2
G180-058,McDonald-Smith/Tull,IUR,8000,2009,Jun,10,07,04,2454992.797,-308.1
G180-058,McDonald-Smith/Tull,IUR,6000,2009,Jun,12,07,42,2454994.823,-308.4
G180-058,McDonald-Smith/Tull,IUR,5700,2009,Jun,13,08,09,2454995.842,-308.4
G186-026,McDonald-Smith/Tull,IUR,680,2009,Jun,14,09,48,2454996.911,-323.2
G186-026,McDonald-Smith/Tull,IUR,4500,2009,Jun,15,10,26,2454997.937,-324.0
G188-022,McDonald-Smith/Tull,IUR,5400,2008,Aug,13,09,38,2454691.906,-94.3
G188-022,McDonald-Smith/Tull,IUR,3600,2008,Sep,05,06,51,2454714.790,-94.6
G188-030,McDonald-Smith/Tull,IUR,7200,2008,Oct,31,02,10,2454770.593,-184.7
G188-030,McDonald-Smith/Tull,IUR,7200,2008,Nov,02,01,48,2454772.577,-183.3
G188-030,McDonald-Smith/Tull,IUR,5400,2008,Nov,04,01,26,2454774.562,-184.5
G190-010,McDonald-Smith/Tull,IUR,5400,2008,Sep,07,06,09,2454716.760,-112.9
G190-010,McDonald-Smith/Tull,IUR,7200,2008,Sep,07,07,57,2454716.835,-113.6
G190-010,McDonald-Smith/Tull,IUR,5400,2008,Oct,30,04,06,2454769.675,-114.1
G190-010,McDonald-Smith/Tull,IUR,5400,2008,Nov,01,04,20,2454771.684,-114.3
G190-010,McDonald-Smith/Tull,IUR,5400,2008,Nov,03,03,06,2454773.633,-111.2
G190-015,McDonald-Smith/Tull,IUR,1800,2008,Aug,14,07,51,2454692.830,-44.7
G190-015,McDonald-Smith/Tull,IUR,5400,2008,Sep,06,08,51,2454715.873,-57.0
G190-015,McDonald-Smith/Tull,IUR,5400,2008,Oct,30,05,30,2454769.733,-58.8
G190-015,McDonald-Smith/Tull,IUR,3600,2008,Nov,02,04,50,2454772.705,-60.1
G190-015,McDonald-Smith/Tull,IUR,3600,2008,Nov,04,03,05,2454774.632,-59.7
G199-066,McDonald-HET/HRS,IUR,3200,2008,May,24,07,04,2454610.795,-144.1
G201-044,McDonald-Smith/Tull,IUR,5400,2009,Jun,11,07,23,2454993.808,-139.3
G201-044,McDonald-Smith/Tull,IUR,3600,2009,Jun,13,04,31,2454995.689,-139.3
G201-044,McDonald-Smith/Tull,IUR,3000,2009,Jun,15,05,30,2454997.730,-139.4
G206-034,McDonald-Smith/Tull,IUR,7200,2008,Sep,06,02,57,2454715.625,-80.4
G206-034,McDonald-Smith/Tull,IUR,7200,2008,Sep,07,03,12,2454716.635,-78.2
G206-034,McDonald-Smith/Tull,IUR,8000,2009,Jun,11,09,46,2454993.910,-91.8
G214-001,McDonald-HET/HRS,IUR,1800,2008,Oct,08,06,27,2454747.772,-118.4
G234-028,McDonald-Smith/Tull,IUR,7200,2009,Feb,18,07,10,2454880.801,+84.8
G234-028,McDonald-Smith/Tull,IUR,7200,2009,May,07,03,20,2454958.637,+71.1
G238-030,McDonald-HET/HRS,IUR,1400,2008,Jun,17,03,59,2454634.665,+225.9
G238-032,McDonald-HET/HRS,IUR,2700,2009,Jan,15,12,54,2454847.040,-113.3
HD 6268,Magellan-Clay/MIKE,IBT,180,2009,Jul,04,10,31,2455016.939,+39.7
HD 11582,Magellan-Clay/MIKE,GWP,300,2008,Sep,09,06,53,2454718.791,+22.4
HD 13979,Magellan-Clay/MIKE,IBT,240,2003,Nov,03,07,11,2452946.804,+52.3
HD 13979,Magellan-Clay/MIKE,IBT,400,2004,Sep,24,07,09,2453272.802,+52.2
HD 16031,McDonald-Smith/Tull,IUR,5400,2008,Nov,02,06,30,2454772.776,+23.0
HD 19445,McDonald-Smith/Tull,IUR,2800,2008,Nov,03,08,22,2454773.854,-139.9
HD 21581,Magellan-Clay/MIKE,IUR,200,2011,Feb,25,00,25,2455617.516,+153.7
HD 26169,Magellan-Clay/MIKE,IUR,200,2011,Feb,25,00,33,2455617.522,-39.7
HD 26297,Magellan-Clay/MIKE,IUR,120,2011,Feb,25,00,40,2455617.527,+15.8
HD 31128,McDonald-Smith/Tull,IUR,2400,2008,Oct,30,09,28,2454769.898,+111.3
HD 31128,McDonald-Smith/Tull,IUR,4800,2008,Nov,01,09,15,2454771.889,+110.1
HD 45282,McDonald-Smith/Tull,IUR,1500,2008,Nov,02,09,33,2454772.901,+306.1
HD 45282,McDonald-Smith/Tull,IUR,2800,2009,Feb,18,03,44,2454880.659,+306.0
HD 88609,McDonald-Smith/Tull,IUR,2800,2009,Feb,19,09,55,2454881.917,-37.9
HD 88609,McDonald-Smith/Tull,IUR,2100,2009,Mar,06,05,24,2454896.729,-37.0
HD 94028,McDonald-Smith/Tull,IUR,2400,2009,Feb,18,05,30,2454880.735,+65.9
HD 94028,McDonald-Smith/Tull,IUR,900,2009,Jun,12,02,43,2454994.612,+65.3
HD 106373,Magellan-Clay/MIKE,IBT,2700,2009,Feb,21,09,21,2454883.893,+84.2
HD 106373,McDonald-Smith/Tull,IUR,200,2009,May,06,05,03,2454957.715,+83.1
HD 108317,McDonald-Smith/Tull,IUR,2100,2009,Feb,19,12,41,2454882.033,+5.4
HD 108317,Magellan-Clay/MIKE,IBT,120,2009,Feb,21,09,27,2454883.899,+5.9
HD 119516,McDonald-Smith/Tull,IUR,2700,2009,May,07,06,40,2454958.782,-285.9
HD 122196,Magellan-Clay/MIKE,GWP,80,2008,Sep,09,23,45,2454719.486,-27.6
HD 122563,McDonald-HET/HRS,IUR,120,2008,May,26,06,53,2454612.791,-26.1
HD 122563,McDonald-Smith/Tull,IUR,60,2009,Feb,18,12,40,2454881.031,-26.5
HD 122563,Magellan-Clay/MIKE,IBT,26,2009,Feb,19,09,53,2454881.915,-25.7
HD 126238,Magellan-Clay/MIKE,GWP,105,2009,Sep,04,23,27,2455079.475,+252.6
HD 126587,Magellan-Clay/MIKE,IBT,360,2004,Jul,14,23,00,2453201.460,+149.4
HD 126587,Magellan-Clay/MIKE,IBT,360,2004,Jul,19,22,49,2453206.452,+149.5
HD 126587,Magellan-Clay/MIKE,IBT,360,2004,Jul,24,23,02,2453211.461,+149.8
HD 128279,Magellan-Clay/MIKE,IBT,20,2004,Jun,22,22,57,2453179.460,-76.1
HD 128279,Magellan-Clay/MIKE,IBT,200,2004,Jul,14,22,49,2453201.453,-75.7
HD 128279,Magellan-Clay/MIKE,IBT,90,2004,Jul,23,22,59,2453210.459,-75.7
HD 128279,Magellan-Clay/MIKE,IBT,240,2005,May,31,03,05,2453521.634,-75.3
HD 132475,McDonald-Smith/Tull,IUR,2400,2009,Feb,18,12,09,2454881.007,+176.1
HD 132475,Magellan-Clay/MIKE,IBT,200,2009,Feb,19,09,47,2454881.909,+176.5
HD 175305,McDonald-Smith/Tull,IUR,1500,2009,May,06,11,14,2454957.967,-184.2
HD 175606,Magellan-Clay/MIKE,GWP,300,2008,Sep,09,23,56,2454719.499,+165.4
HD 178443,Magellan-Baade/MIKE,SAS,400,2003,May,23,06,32,2452782.776,+343.6
HD 178443,Magellan-Clay/MIKE,IBT,300,2005,May,28,06,13,2453518.763,+343.6
HD 184266,McDonald-Smith/Tull,IUR,900,2008,Oct,31,00,51,2454770.534,-349.4
HD 186478,Magellan-Baade/MIKE,SAS,200,2003,May,24,06,25,2452783.771,+27.4
HD 188510,McDonald-Smith/Tull,IUR,2400,2008,Sep,06,04,25,2454715.688,-193.4
HD 193901,Magellan-Baade/MIKE,SAS,400,2003,May,23,10,40,2452782.947,-171.5
HD 196892,McDonald-Smith/Tull,IUR,1800,2008,Aug,14,06,45,2454692.787,-35.7
HD 196944,Magellan-Clay/MIKE,IBT,120,2009,Oct,24,23,33,2455129.482,-166.8
HD 200654,Magellan-Baade/MIKE,SAS,200,2003,May,24,10,27,2452783.938,-45.3
HD 200654,Magellan-Clay/MIKE,IBT,100,2005,May,30,10,29,2453520.940,-44.4
HD 201891,McDonald-Smith/Tull,IUR,1800,2008,Aug,13,08,31,2454691.860,-44.6
HD 214362,McDonald-Smith/Tull,IUR,1800,2008,Sep,08,06,49,2454717.790,-93.3
HD 214362,McDonald-Smith/Tull,IUR,3000,2008,Oct,30,02,37,2454769.611,-93.0
HD 214362,McDonald-Smith/Tull,IUR,3000,2008,Nov,02,03,18,2454772.640,-93.6
HD 219617,McDonald-Smith/Tull,IUR,1800,2008,Aug,14,08,25,2454692.856,+12.6
HD 220127,Magellan-Clay/MIKE,GWP,180,2008,Sep,11,03,35,2454720.653,+77.2
HD 237846,McDonald-Smith/Tull,IUR,6000,2009,Jun,11,03,30,2454993.643,-303.8
HD 237846,McDonald-Smith/Tull,IUR,2100,2009,Jun,14,02,58,2454996.620,-303.5
HE 0454-4758,Magellan-Clay/MIKE,GWP,3000,2008,Sep,11,09,35,2454720.900,+240.2
HE 0938+0114,McDonald-Smith/Tull,IUR,7200,2009,Mar,07,02,49,2454897.623,-56.7
HE 0938+0114,McDonald-Smith/Tull,IUR,780,2009,Mar,11,06,04,2454901.758,-57.4
HE 0938+0114,McDonald-Smith/Tull,IUR,5400,2009,May,08,03,01,2454959.627,-57.6
HE 1012-1540,Magellan-Clay/MIKE,IUR,1800,2013,Apr,21,23,40,2456404.489,+225.4
HE 1012-1540,Magellan-Clay/MIKE,IUR,5400,2013,Apr,23,01,45,2456405.576,+225.8
HE 1124-2335,Magellan-Clay/MIKE,IUR,4800,2013,Apr,21,00,24,2456403.521,+181.5
HE 1320-1339,McDonald-Smith/Tull,IUR,900,2009,Feb,18,10,56,2454880.959,+172.9
HE 1320-1339,Magellan-Clay/MIKE,IBT,5400,2009,Feb,19,09,06,2454881.883,+172.9
HE 1320-1339,McDonald-Smith/Tull,IUR,9000,2009,Feb,19,11,19,2454881.975,+172.6
HE 1320-1339,McDonald-Smith/Tull,IUR,6400,2009,May,08,05,17,2454959.725,+170.9
HE 2047-5612,Magellan-Clay/MIKE,IUR,7200,2012,Aug,26,01,24,2456165.562,-26.1
HE 2047-5612,Magellan-Clay/MIKE,IUR,3600,2012,Aug,26,23,35,2456166.486,-25.5
HIP 99423,McDonald-Smith/Tull,IUR,2400,2008,Sep,06,05,11,2454715.720,-115.7
